Time,roll_dg,pitch_dg,yaw_dg,accel_x_normal,accel_y_normal,accel_z_normal
0.003,-3.5,3.53,0.0,-0.09,0.07,-1.05
0.008,-6.94,6.97,-0.0,-0.09,0.08,-1.06
0.013,-10.3,10.36,-0.0,-0.09,0.07,-1.06
0.018,-13.6,13.67,-0.0,-0.09,0.07,-1.05
0.024,-16.83,16.92,-0.0,-0.09,0.07,-1.06
0.031,-20.01,20.12,-0.0,-0.09,0.06,-1.06
0.039,-23.11,23.24,-0.0,-0.09,0.07,-1.05
0.046,-26.16,26.29,-0.0,-0.09,0.08,-1.05
0.053,-29.14,29.29,-0.0,-0.09,0.07,-1.05
0.061,-32.06,32.22,-0.0,-0.08,0.07,-1.05
0.068,-34.92,35.1,-0.0,-0.09,0.07,-1.05
0.076,-37.73,37.92,-0.0,-0.09,0.08,-1.05
0.083,-40.48,40.68,-0.0,-0.09,0.07,-1.05
0.091,-43.18,43.39,-0.0,-0.08,0.07,-1.06
0.098,-45.82,46.04,-0.0,-0.09,0.07,-1.05
0.105,-48.41,48.64,-0.0,-0.09,0.07,-1.06
0.113,-50.95,51.19,-0.0,-0.09,0.08,-1.06
0.121,-53.43,53.69,-0.0,-0.09,0.07,-1.05
0.128,-55.86,56.14,0.0,-0.09,0.07,-1.05
0.135,-58.25,58.54,0.0,-0.09,0.07,-1.05
0.143,-60.58,60.89,-0.0,-0.09,0.07,-1.05
0.15,-62.88,63.2,-0.0,-0.09,0.07,-1.05
0.158,-65.13,65.45,-0.0,-0.08,0.07,-1.04
0.165,-67.34,67.66,-0.0,-0.08,0.08,-1.06
0.173,-69.5,69.82,-0.0,-0.09,0.08,-1.06
0.18,-71.62,71.95,-0.0,-0.08,0.08,-1.06
0.187,-73.69,74.03,-0.0,-0.09,0.08,-1.05
0.195,-75.73,76.07,-0.0,-0.08,0.07,-1.05
0.203,-77.72,78.07,-0.0,-0.09,0.07,-1.06
0.21,-79.68,80.02,-0.0,-0.08,0.08,-1.05
0.218,-81.59,81.94,-0.0,-0.09,0.07,-1.05
0.225,-83.46,83.83,-0.0,-0.09,0.07,-1.06
0.232,-85.29,85.68,-0.0,-0.09,0.07,-1.05
0.24,-87.1,87.49,-0.0,-0.09,0.07,-1.06
0.248,-88.86,89.27,-0.0,-0.09,0.07,-1.05
0.255,-90.59,91.01,-0.0,-0.08,0.06,-1.05
0.262,-92.28,92.72,-0.0,-0.09,0.07,-1.05
0.27,-93.94,94.38,-0.0,-0.09,0.08,-1.06
0.277,-95.57,96.01,-0.0,-0.08,0.08,-1.05
0.285,-97.16,97.61,-0.0,-0.09,0.07,-1.05
0.293,-98.72,99.18,-0.0,-0.09,0.07,-1.05
0.3,-100.25,100.7,-0.0,-0.09,0.08,-1.05
0.308,-101.76,102.21,-0.0,-0.09,0.08,-1.06
0.315,-103.23,103.68,-0.0,-0.08,0.07,-1.04
0.323,-104.67,105.13,-0.0,-0.09,0.08,-1.05
0.331,-106.09,106.55,-0.0,-0.08,0.07,-1.05
0.339,-107.47,107.94,-0.0,-0.09,0.07,-1.05
0.347,-108.82,109.31,-0.01,-0.1,0.07,-1.06
0.354,-110.15,110.65,-0.01,-0.08,0.07,-1.06
0.362,-111.45,111.96,-0.01,-0.09,0.07,-1.05
0.371,-112.73,113.24,-0.01,-0.08,0.07,-1.05
0.378,-113.98,114.5,-0.01,-0.09,0.07,-1.05
0.386,-115.21,115.73,-0.01,-0.08,0.07,-1.05
0.394,-116.41,116.94,-0.01,-0.08,0.07,-1.05
0.401,-117.59,118.12,-0.01,-0.09,0.07,-1.06
0.409,-118.75,119.28,-0.01,-0.08,0.07,-1.05
0.417,-119.88,120.42,-0.01,-0.09,0.07,-1.06
0.425,-120.99,121.53,-0.01,-0.09,0.07,-1.05
0.433,-122.07,122.62,-0.01,-0.09,0.07,-1.05
0.44,-123.14,123.69,-0.01,-0.08,0.07,-1.05
0.448,-124.19,124.73,-0.01,-0.08,0.07,-1.06
0.457,-125.21,125.76,-0.01,-0.09,0.07,-1.05
0.464,-126.21,126.76,-0.01,-0.08,0.07,-1.05
0.472,-127.2,127.75,-0.01,-0.09,0.07,-1.06
0.48,-128.16,128.72,-0.01,-0.08,0.07,-1.06
0.487,-129.1,129.67,-0.01,-0.09,0.07,-1.06
0.495,-130.03,130.6,-0.01,-0.08,0.07,-1.06
0.504,-130.93,131.5,-0.01,-0.09,0.08,-1.06
0.511,-131.82,132.39,-0.01,-0.09,0.08,-1.06
0.519,-132.69,133.26,-0.01,-0.09,0.07,-1.05
0.526,-133.54,134.12,-0.01,-0.09,0.07,-1.05
0.534,-134.37,134.96,-0.01,-0.09,0.07,-1.05
0.543,-135.18,135.77,-0.01,-0.09,0.08,-1.05
0.55,-135.99,136.58,-0.01,-0.09,0.07,-1.06
0.558,-136.78,137.37,-0.01,-0.08,0.07,-1.06
0.566,-137.54,138.15,-0.01,-0.09,0.07,-1.05
0.573,-138.29,138.91,-0.01,-0.09,0.07,-1.06
0.581,-139.03,139.65,-0.01,-0.08,0.08,-1.05
0.59,-139.75,140.37,-0.01,-0.09,0.08,-1.05
0.597,-140.46,141.09,-0.01,-0.09,0.07,-1.05
0.605,-141.15,141.78,-0.01,-0.09,0.07,-1.06
0.612,-141.83,142.47,-0.01,-0.09,0.07,-1.06
0.62,-142.5,143.15,-0.01,-0.09,0.07,-1.05
0.629,-143.15,143.81,-0.01,-0.09,0.07,-1.05
0.636,-143.78,144.45,-0.01,-0.1,0.07,-1.06
0.644,-144.41,145.08,-0.01,-0.09,0.07,-1.05
0.652,-145.03,145.7,-0.01,-0.09,0.07,-1.05
0.659,-145.64,146.3,-0.01,-0.08,0.08,-1.05
0.667,-146.24,146.9,-0.01,-0.08,0.07,-1.05
0.676,-146.82,147.48,-0.01,-0.08,0.07,-1.05
0.683,-147.39,148.06,-0.01,-0.08,0.07,-1.06
0.691,-147.95,148.62,-0.02,-0.08,0.07,-1.05
0.698,-148.5,149.17,-0.01,-0.08,0.07,-1.05
0.706,-149.04,149.71,-0.01,-0.08,0.07,-1.05
0.715,-149.56,150.23,-0.02,-0.09,0.08,-1.05
0.722,-150.08,150.74,-0.02,-0.09,0.08,-1.06
0.73,-150.58,151.24,-0.01,-0.09,0.08,-1.05
0.738,-151.07,151.73,-0.01,-0.09,0.08,-1.05
0.745,-151.55,152.21,-0.01,-0.09,0.07,-1.05
0.753,-152.02,152.69,-0.01,-0.09,0.07,-1.06
0.761,-152.49,153.16,-0.01,-0.08,0.07,-1.05
0.769,-152.95,153.61,-0.01,-0.09,0.07,-1.04
0.777,-153.39,154.06,-0.01,-0.09,0.07,-1.05
0.784,-153.83,154.51,-0.01,-0.09,0.07,-1.04
0.792,-154.26,154.94,-0.01,-0.09,0.07,-1.06
0.801,-154.69,155.35,-0.01,-0.08,0.08,-1.05
0.808,-155.11,155.76,-0.01,-0.08,0.08,-1.05
0.816,-155.52,156.17,-0.02,-0.08,0.07,-1.06
0.824,-155.91,156.56,-0.02,-0.09,0.07,-1.06
0.831,-156.3,156.95,-0.02,-0.09,0.07,-1.04
0.84,-156.68,157.34,-0.02,-0.09,0.07,-1.06
0.847,-157.05,157.71,-0.02,-0.09,0.07,-1.05
0.855,-157.41,158.08,-0.02,-0.09,0.07,-1.06
0.863,-157.78,158.43,-0.02,-0.08,0.08,-1.06
0.87,-158.12,158.79,-0.02,-0.09,0.07,-1.06
0.878,-158.46,159.13,-0.02,-0.09,0.07,-1.05
0.887,-158.8,159.46,-0.02,-0.09,0.08,-1.06
0.894,-159.12,159.79,-0.02,-0.09,0.07,-1.04
0.902,-159.44,160.11,-0.02,-0.09,0.07,-1.05
0.91,-159.76,160.44,-0.02,-0.09,0.07,-1.05
0.917,-160.07,160.75,-0.02,-0.09,0.07,-1.05
0.926,-160.38,161.06,-0.02,-0.09,0.07,-1.05
0.934,-160.68,161.36,-0.02,-0.09,0.07,-1.06
0.941,-160.97,161.65,-0.02,-0.08,0.07,-1.05
0.949,-161.26,161.93,-0.02,-0.08,0.08,-1.06
0.956,-161.54,162.21,-0.02,-0.09,0.08,-1.06
0.964,-161.81,162.48,-0.02,-0.09,0.07,-1.05
0.973,-162.08,162.75,-0.02,-0.09,0.08,-1.05
0.98,-162.34,163.01,-0.02,-0.09,0.08,-1.06
0.988,-162.6,163.27,-0.02,-0.09,0.08,-1.05
0.996,-162.85,163.52,-0.02,-0.09,0.07,-1.06
1.003,-163.1,163.77,-0.02,-0.09,0.08,-1.05
1.012,-163.34,164.01,-0.02,-0.09,0.08,-1.06
1.02,-163.57,164.24,-0.02,-0.09,0.08,-1.05
1.027,-163.81,164.48,-0.02,-0.09,0.07,-1.05
1.035,-164.03,164.71,-0.02,-0.09,0.07,-1.06
1.042,-164.25,164.94,-0.02,-0.09,0.07,-1.04
1.05,-164.47,165.16,-0.02,-0.09,0.07,-1.05
1.059,-164.69,165.38,-0.02,-0.08,0.07,-1.04
1.066,-164.89,165.59,-0.02,-0.09,0.07,-1.06
1.074,-165.1,165.81,-0.02,-0.09,0.07,-1.06
1.082,-165.3,166.02,-0.02,-0.09,0.07,-1.04
1.089,-165.51,166.22,-0.02,-0.08,0.07,-1.05
1.098,-165.7,166.41,-0.02,-0.09,0.07,-1.05
1.106,-165.89,166.6,-0.02,-0.09,0.07,-1.06
1.113,-166.07,166.79,-0.02,-0.09,0.07,-1.04
1.121,-166.26,166.98,-0.02,-0.08,0.07,-1.06
1.128,-166.44,167.16,-0.02,-0.08,0.07,-1.05
1.136,-166.62,167.34,-0.02,-0.09,0.07,-1.05
1.145,-166.8,167.51,-0.02,-0.08,0.07,-1.05
1.152,-166.97,167.68,-0.02,-0.08,0.08,-1.04
1.16,-167.14,167.84,-0.02,-0.08,0.08,-1.05
1.168,-167.3,168.0,-0.03,-0.08,0.08,-1.05
1.175,-167.47,168.16,-0.03,-0.08,0.07,-1.06
1.184,-167.63,168.31,-0.03,-0.09,0.08,-1.05
1.192,-167.78,168.47,-0.03,-0.09,0.08,-1.05
1.199,-167.93,168.62,-0.03,-0.09,0.07,-1.06
1.207,-168.07,168.77,-0.03,-0.09,0.07,-1.06
1.214,-168.21,168.91,-0.03,-0.09,0.07,-1.05
1.222,-168.35,169.06,-0.03,-0.09,0.07,-1.05
1.231,-168.48,169.2,-0.03,-0.09,0.07,-1.06
1.238,-168.62,169.33,-0.03,-0.09,0.08,-1.05
1.246,-168.74,169.47,-0.03,-0.09,0.07,-1.05
1.254,-168.87,169.6,-0.03,-0.09,0.07,-1.05
1.261,-169.0,169.72,-0.03,-0.09,0.08,-1.06
1.27,-169.12,169.86,-0.03,-0.09,0.07,-1.06
1.277,-169.25,169.99,-0.03,-0.08,0.07,-1.06
1.285,-169.37,170.1,-0.03,-0.09,0.08,-1.06
1.293,-169.5,170.22,-0.03,-0.08,0.07,-1.05
1.3,-169.62,170.34,-0.03,-0.08,0.07,-1.05
1.309,-169.73,170.46,-0.03,-0.09,0.07,-1.06
1.317,-169.85,170.57,-0.03,-0.08,0.07,-1.06
1.324,-169.96,170.68,-0.03,-0.09,0.07,-1.05
1.332,-170.07,170.79,-0.03,-0.08,0.07,-1.05
1.34,-170.18,170.89,-0.03,-0.08,0.07,-1.05
1.347,-170.28,171.0,-0.03,-0.09,0.07,-1.04
1.356,-170.39,171.1,-0.03,-0.08,0.07,-1.05
1.364,-170.49,171.2,-0.03,-0.09,0.07,-1.05
1.371,-170.58,171.3,-0.03,-0.09,0.07,-1.06
1.379,-170.68,171.39,-0.03,-0.09,0.07,-1.05
1.386,-170.77,171.48,-0.03,-0.09,0.07,-1.06
1.395,-170.86,171.57,-0.03,-0.09,0.07,-1.06
1.403,-170.95,171.67,-0.03,-0.09,0.07,-1.05
1.41,-171.03,171.76,-0.03,-0.09,0.07,-1.06
1.418,-171.11,171.84,-0.03,-0.09,0.07,-1.05
1.426,-171.2,171.93,-0.03,-0.08,0.07,-1.05
1.433,-171.28,172.01,-0.03,-0.09,0.08,-1.04
1.442,-171.36,172.09,-0.03,-0.08,0.07,-1.05
1.45,-171.44,172.17,-0.03,-0.09,0.07,-1.05
1.457,-171.52,172.25,-0.03,-0.08,0.07,-1.06
1.465,-171.6,172.32,-0.03,-0.09,0.08,-1.05
1.472,-171.67,172.39,-0.02,-0.08,0.07,-1.06
1.481,-171.75,172.46,-0.02,-0.08,0.07,-1.05
1.489,-171.82,172.53,-0.02,-0.09,0.08,-1.06
1.496,-171.89,172.6,-0.02,-0.09,0.07,-1.06
1.504,-171.95,172.67,-0.03,-0.09,0.08,-1.05
1.512,-172.01,172.73,-0.03,-0.09,0.08,-1.05
1.519,-172.08,172.8,-0.03,-0.08,0.08,-1.05
1.528,-172.15,172.86,-0.02,-0.09,0.07,-1.06
1.536,-172.21,172.93,-0.02,-0.09,0.07,-1.07
1.543,-172.27,172.99,-0.02,-0.09,0.07,-1.06
1.551,-172.33,173.05,-0.02,-0.09,0.07,-1.05
1.558,-172.38,173.12,-0.02,-0.09,0.07,-1.06
1.567,-172.44,173.18,-0.02,-0.09,0.08,-1.06
1.575,-172.5,173.23,-0.02,-0.09,0.08,-1.05
1.582,-172.55,173.28,-0.02,-0.09,0.07,-1.05
1.59,-172.61,173.34,-0.02,-0.09,0.07,-1.05
1.598,-172.66,173.39,-0.02,-0.09,0.07,-1.05
1.605,-172.72,173.44,-0.02,-0.08,0.08,-1.05
1.614,-172.77,173.51,-0.04,-0.1,0.07,-1.06
1.622,-172.93,173.57,-0.0,-0.07,0.08,-1.13
1.629,-172.99,173.58,-0.0,-0.09,0.07,-1.06
1.637,-173.1,173.54,0.01,-0.03,0.09,-1.1
1.644,-173.15,173.62,0.03,-0.13,0.13,-1.09
1.653,-173.08,166.57,-0.01,-0.25,-0.13,-1.08
1.661,-173.1,166.84,0.05,-0.13,0.06,-1.18
1.668,-173.12,166.98,0.05,-0.11,0.06,-1.06
1.676,-173.12,167.12,0.04,-0.11,0.09,-1.04
1.683,-173.18,167.25,0.05,-0.08,0.04,-1.06
1.69,-173.23,167.39,0.04,-0.09,0.09,-1.07
1.699,-173.28,167.53,0.04,-0.08,0.06,-1.06
1.706,-173.32,167.69,0.04,-0.09,0.09,-1.04
1.714,-173.36,167.85,0.04,-0.09,0.07,-1.05
1.721,-173.39,168.02,0.04,-0.09,0.08,-1.04
1.729,-173.42,168.2,0.04,-0.09,0.08,-1.05
1.737,-173.46,168.36,0.04,-0.09,0.07,-1.06
1.745,-173.49,168.52,0.04,-0.09,0.08,-1.05
1.752,-173.52,168.66,0.04,-0.09,0.07,-1.05
1.76,-173.55,168.78,0.04,-0.09,0.08,-1.05
1.767,-173.59,168.91,0.04,-0.08,0.08,-1.05
1.775,-173.63,169.04,0.04,-0.09,0.08,-1.05
1.783,-173.66,169.24,0.04,-0.07,0.1,-1.04
1.791,-173.71,169.41,0.06,-0.06,0.08,-1.06
1.798,-173.73,169.56,0.05,-0.09,0.05,-1.06
1.806,-173.75,169.62,0.06,-0.11,0.07,-1.05
1.813,-166.72,169.47,0.1,0.03,0.08,-0.98
1.821,-166.8,169.81,0.12,-0.15,0.09,-0.96
1.829,-166.59,162.73,0.23,-0.44,-0.04,-0.82
1.836,-166.7,163.34,0.35,-0.16,0.1,-1.27
1.844,-166.8,156.24,0.49,-0.08,-0.11,-0.75
1.852,-166.77,156.64,0.39,-0.08,0.06,-1.2
1.859,-159.68,157.33,0.15,0.0,0.04,-0.71
1.867,-159.75,157.48,-0.06,-0.24,0.14,-1.08
1.875,-159.52,157.68,-0.36,-0.28,0.14,-0.52
1.883,-159.67,157.78,-0.46,-0.11,0.24,-0.8
1.89,-152.85,157.88,-0.23,0.13,0.25,-1.34
1.898,-153.17,158.15,-0.06,-0.12,0.15,-1.59
1.905,-153.93,158.01,0.27,-0.01,0.13,-0.43
1.914,-147.47,158.06,0.48,0.27,0.1,-1.79
1.921,-141.26,159.2,-0.16,0.46,0.12,-1.38
1.929,-135.44,158.79,-0.02,0.41,0.32,-0.92
1.936,-136.36,159.52,-0.09,-0.02,0.24,-1.68
1.944,-137.11,159.42,0.16,-0.04,0.33,-0.72
1.952,-137.35,152.79,0.48,-0.86,-0.16,-1.52
1.96,-137.77,147.0,0.53,-0.21,-0.36,-0.82
1.967,-138.62,140.08,0.48,-0.05,-0.01,-1.0
1.975,-139.34,140.83,0.41,-0.13,0.18,-1.21
1.983,-140.11,141.76,0.38,-0.0,0.1,-1.09
1.99,-140.73,142.46,0.36,-0.09,0.03,-1.03
1.998,-141.35,143.0,0.29,-0.05,0.13,-1.04
2.006,-141.82,143.96,0.33,-0.25,0.04,-1.01
2.013,-142.35,144.64,0.35,-0.17,0.0,-1.07
2.021,-142.89,145.06,0.37,-0.08,0.04,-1.05
2.028,-143.23,145.74,0.43,-0.34,0.11,-1.1
2.037,-143.76,146.22,0.47,-0.07,0.08,-0.92
2.044,-144.11,146.94,0.45,-0.03,0.03,-0.57
2.052,-137.21,147.29,0.45,0.1,0.15,-1.03
2.059,-137.51,147.64,0.56,-0.07,0.09,-1.06
2.067,-137.6,147.95,0.57,-0.14,0.02,-0.91
2.074,-137.75,148.11,0.66,-0.18,0.05,-0.92
2.082,-137.79,148.59,0.7,-0.16,0.09,-1.08
2.09,-137.77,149.2,0.69,-0.12,0.05,-0.98
2.097,-137.78,149.63,0.66,-0.22,0.09,-1.07
2.105,-137.94,149.93,0.66,-0.24,0.15,-1.07
2.112,-137.86,150.25,0.69,-0.28,0.22,-0.97
2.121,-138.37,150.6,0.75,-0.31,0.03,-2.03
2.128,-138.64,143.22,0.83,-0.18,-0.02,-1.13
2.136,-138.6,143.5,0.8,-0.26,0.11,-1.15
2.143,-138.48,143.87,0.83,-0.22,0.23,-0.95
2.151,-138.3,137.13,0.82,-0.34,-0.02,-0.94
2.159,-138.14,137.13,0.91,-0.3,0.23,-0.78
2.167,-138.03,137.62,1.0,-0.34,0.17,-0.92
2.174,-137.99,138.04,1.13,-0.38,0.19,-0.9
2.182,-138.0,138.59,1.19,-0.27,0.2,-1.03
2.189,-137.82,139.75,1.3,-0.35,0.17,-1.2
2.197,-137.5,140.75,1.41,-0.45,0.04,-1.14
2.205,-137.32,141.51,1.5,-0.29,0.2,-1.07
2.213,-137.17,142.3,1.5,-0.29,0.09,-1.04
2.22,-137.15,142.94,1.54,-0.25,0.11,-0.98
2.228,-137.27,143.55,1.58,-0.29,0.09,-0.98
2.235,-137.61,144.71,1.6,-0.13,0.06,-0.96
2.243,-138.33,138.31,1.63,-0.14,-0.07,-1.47
2.251,-138.74,139.01,1.62,-0.3,0.14,-1.02
2.259,-138.85,139.85,1.44,-0.44,0.02,-0.91
2.266,-138.92,140.72,1.28,-0.42,0.03,-0.91
2.274,-139.08,141.5,1.13,-0.32,0.05,-1.0
2.281,-139.32,142.05,1.15,-0.27,0.15,-1.05
2.289,-139.44,142.78,1.17,-0.33,0.12,-0.98
2.297,-139.61,143.59,1.19,-0.33,0.07,-0.94
2.305,-139.9,144.25,1.28,-0.38,0.14,-0.94
2.312,-139.97,145.83,1.21,-0.45,0.06,-0.91
2.32,-140.19,146.71,1.32,-0.3,0.37,-1.01
2.327,-140.03,147.67,1.32,-0.62,0.14,-0.96
2.335,-139.82,141.82,1.25,-0.52,-0.12,-0.73
2.343,-140.23,143.31,1.24,-0.28,0.07,-1.0
2.351,-140.28,138.31,1.17,-0.45,-0.19,-0.67
2.358,-140.66,133.24,1.16,-0.36,-0.18,-0.9
2.366,-141.17,134.66,1.19,-0.28,0.0,-1.02
2.373,-141.64,135.87,1.18,-0.3,0.09,-1.0
2.382,-142.07,137.2,1.15,-0.28,0.08,-1.02
2.389,-142.37,138.61,1.11,-0.37,0.02,-0.99
2.397,-142.53,132.79,1.03,-0.39,-0.0,-1.0
2.404,-142.52,126.97,0.93,-0.39,-0.04,-0.98
2.412,-142.4,121.1,0.88,-0.41,-0.03,-0.97
2.421,-142.23,115.33,0.87,-0.41,-0.04,-0.95
2.428,-142.07,109.79,0.87,-0.42,-0.03,-0.95
2.436,-141.88,104.5,0.89,-0.43,-0.04,-0.96
2.444,-141.49,99.4,0.9,-0.52,-0.08,-0.91
2.451,-141.31,94.3,0.85,-0.45,-0.08,-0.89
2.459,-141.38,89.5,0.8,-0.4,-0.02,-0.94
2.467,-141.54,84.94,0.64,-0.46,-0.03,-0.92
2.474,-141.74,80.39,0.48,-0.49,-0.12,-0.92
2.482,-141.86,75.37,0.45,-0.48,-0.2,-0.9
2.489,-141.93,70.34,0.47,-0.46,-0.09,-0.94
2.497,-141.77,65.37,0.44,-0.52,-0.09,-0.94
2.505,-141.48,60.43,0.35,-0.49,-0.1,-0.91
2.513,-141.26,55.55,0.21,-0.47,-0.09,-0.93
2.52,-141.12,57.88,0.09,-0.44,0.01,-0.9
2.528,-140.98,53.1,-0.0,-0.5,-0.07,-0.87
2.535,-140.97,48.36,-0.13,-0.44,-0.08,-0.91
2.543,-140.99,43.82,-0.1,-0.45,-0.23,-0.92
2.552,-141.25,39.82,-0.1,-0.51,-0.11,-1.06
2.559,-141.14,36.36,-0.05,-0.65,-0.16,-0.92
2.567,-140.91,33.03,-0.09,-0.63,-0.21,-0.85
2.574,-140.79,29.38,-0.17,-0.57,-0.15,-0.77
2.582,-140.77,25.3,-0.38,-0.51,-0.03,-0.84
2.591,-140.81,21.48,-0.62,-0.47,-0.11,-0.88
2.598,-141.02,17.49,-0.68,-0.34,-0.05,-1.06
2.606,-141.4,14.22,-0.8,-0.4,-0.2,-1.08
2.614,-141.79,11.5,-0.9,-0.51,-0.12,-0.98
2.621,-141.96,8.6,-0.94,-0.48,-0.15,-0.76
2.629,-141.95,5.12,-1.04,-0.55,-0.11,-0.75
2.637,-142.14,1.5,-1.33,-0.53,-0.13,-0.84
2.645,-142.6,-2.06,-1.61,-0.4,-0.12,-0.94
2.652,-143.1,-5.32,-1.93,-0.45,-0.1,-1.0
2.66,-143.07,-8.32,-2.26,-0.66,-0.16,-0.78
2.668,-143.28,-11.43,-2.6,-0.49,-0.17,-0.86
2.676,-143.62,-14.52,-2.93,-0.47,-0.18,-0.88
2.684,-144.19,-17.37,-3.22,-0.46,-0.19,-0.93
2.692,-144.97,-20.13,-3.46,-0.36,-0.21,-0.94
2.7,-146.05,-23.27,-3.53,-0.18,-0.05,-1.02
2.708,-147.1,-26.19,-3.77,-0.16,-0.15,-0.9
2.715,-148.14,-29.16,-3.83,-0.14,-0.39,-1.15
2.724,-148.91,-31.88,-3.8,-0.46,-0.54,-1.38
2.732,-149.52,-27.01,-3.6,-0.04,0.1,-0.96
2.74,-149.55,-29.17,-3.34,-0.3,-0.08,-0.69
2.747,-149.91,-31.38,-3.0,-0.34,-0.26,-0.7
2.755,-150.18,-33.69,-2.99,-0.55,-0.46,-0.84
2.764,-150.8,-29.32,-3.09,-0.28,0.07,-0.87
2.772,-151.28,-32.02,-3.35,-0.44,-0.27,-0.93
2.779,-151.85,-34.85,-3.9,-0.48,-0.28,-1.0
2.787,-152.78,-37.82,-4.65,-0.2,-0.09,-0.87
2.795,-153.89,-34.13,-5.3,-0.22,0.09,-0.8
2.804,-155.2,-37.14,-5.86,-0.21,-0.01,-1.23
2.812,-156.6,-39.67,-6.25,-0.21,-0.17,-1.06
2.819,-157.17,-41.88,-6.23,-0.29,-0.22,-0.87
2.827,-156.83,-43.81,-6.12,-0.57,-0.25,-1.08
2.835,-155.88,-45.1,-6.14,-0.64,-0.49,-0.78
2.843,-154.76,-46.55,-6.39,-0.69,-0.46,-0.56
2.852,-152.85,-47.73,-7.11,-1.35,-0.66,-0.46
2.859,-151.47,-48.32,-7.79,-1.28,-0.77,-0.81
2.867,-149.9,-47.58,-8.99,-0.56,-0.59,0.03
2.875,-150.29,-50.91,-10.19,-0.59,-0.29,-1.38
2.883,-150.6,-54.7,-11.67,-0.25,-0.35,-1.54
2.892,-145.55,-56.67,-13.04,0.2,-0.27,-0.12
2.9,-139.43,-51.96,-14.3,0.22,0.03,-0.84
2.907,-140.01,-54.22,-15.03,-0.09,-0.02,-0.97
2.915,-139.99,-56.35,-15.67,-0.48,-0.2,-1.29
2.923,-138.74,-58.17,-16.55,-0.65,-0.42,-0.46
2.932,-136.87,-60.09,-17.55,-0.35,-0.19,0.0
2.94,-136.72,-63.78,-18.58,-0.5,-0.14,-1.19
2.948,-137.5,-60.35,-19.48,-0.19,0.09,-0.95
2.956,-139.01,-56.43,-20.29,-0.03,0.16,-1.19
2.963,-133.98,-59.06,-21.09,0.07,-0.13,-0.88
2.971,-135.61,-61.74,-20.73,-0.31,-0.27,-1.2
2.98,-136.55,-62.61,-21.13,-0.6,-0.68,-1.2
2.988,-137.07,-65.1,-20.84,-0.16,-0.03,-0.6
2.996,-130.57,-68.62,-21.29,0.21,-0.49,-0.71
3.004,-130.53,-65.53,-21.53,-0.39,0.02,-1.3
3.012,-130.29,-68.3,-22.14,-0.66,-0.38,-1.43
3.021,-129.95,-71.11,-22.74,-0.31,-0.13,-0.83
3.029,-129.11,-75.12,-23.26,-0.45,-0.06,-0.82
3.037,-128.13,-79.35,-23.55,-0.61,-0.13,-1.02
3.045,-126.78,-83.35,-23.67,-0.67,-0.03,-0.81
3.053,-125.26,-85.64,-24.11,-1.49,-0.47,-0.97
3.062,-124.57,-88.23,-24.73,-0.65,-0.51,-0.75
3.07,-124.66,-89.65,-25.61,-0.13,-0.53,-1.05
3.077,-125.1,-92.03,-26.88,-0.04,-0.3,-0.99
3.085,-125.52,-87.36,-28.26,-0.07,0.01,-0.85
3.093,-125.4,-83.15,-29.34,-0.26,0.16,-0.79
3.102,-124.38,-79.49,-30.1,-0.65,0.25,-0.84
3.11,-122.61,-76.06,-30.7,-1.16,0.15,-1.13
3.118,-121.31,-73.17,-31.24,-1.61,0.15,-1.78
3.125,-121.19,-76.56,-31.63,-1.24,-0.01,-2.07
3.133,-122.2,-72.1,-31.87,-0.83,0.11,-1.99
3.141,-123.87,-67.23,-31.97,-0.31,0.01,-1.6
3.15,-126.15,-70.35,-32.09,-0.02,-0.02,-1.46
3.158,-121.86,-66.4,-32.38,0.25,0.14,-1.35
3.164,-122.14,-67.83,-32.37,-0.0,-0.0,-0.0
3.172,-122.4,-69.23,-32.37,-0.0,-0.0,-0.0
3.18,-122.67,-70.61,-32.36,-0.0,-0.0,-0.0
3.191,-123.47,-66.88,-31.62,-0.59,0.29,-0.52
3.198,-123.91,-62.74,-30.84,-0.6,0.11,-0.55
3.206,-124.02,-66.34,-30.02,-0.48,-0.0,-0.55
3.213,-124.25,-67.78,-30.01,-0.0,-0.0,-0.0
3.221,-124.48,-69.19,-30.0,-0.0,-0.0,-0.0
3.23,-124.7,-70.57,-29.99,-0.0,-0.0,-0.0
3.239,-124.47,-74.31,-29.91,-0.76,-0.31,-0.91
3.247,-124.8,-77.63,-30.34,-0.44,-0.17,-1.15
3.255,-125.58,-73.7,-30.97,-0.15,0.17,-1.04
3.263,-119.59,-69.92,-31.17,0.17,0.45,-0.97
3.27,-113.87,-66.46,-31.16,0.19,0.48,-0.91
3.279,-108.2,-63.64,-30.87,0.11,0.59,-1.04
3.287,-109.83,-60.17,-30.45,-0.26,0.46,-1.07
3.294,-111.59,-56.28,-29.87,-0.54,0.38,-1.02
3.302,-113.08,-52.26,-29.04,-0.78,0.18,-0.7
3.31,-113.99,-55.3,-28.27,-0.92,-0.08,-0.58
3.319,-114.55,-57.91,-27.73,-0.61,-0.2,-0.56
3.327,-114.82,-59.91,-27.81,-0.29,-0.3,-0.5
3.335,-115.21,-56.28,-28.53,-0.15,0.12,-0.73
3.343,-115.34,-52.77,-29.09,-0.23,0.42,-0.78
3.351,-115.7,-49.19,-29.15,-0.09,0.39,-0.79
3.359,-116.18,-46.44,-29.3,-0.19,0.42,-0.93
3.367,-116.93,-43.21,-29.51,-0.17,0.53,-0.99
3.375,-117.76,-40.61,-29.45,-0.25,0.62,-0.97
3.383,-118.4,-37.67,-29.12,-0.43,0.59,-0.83
3.391,-118.9,-34.38,-28.63,-0.66,0.51,-0.76
3.398,-119.27,-30.83,-28.16,-0.73,0.45,-0.65
3.407,-119.71,-27.37,-27.72,-0.58,0.36,-0.64
3.415,-120.18,-23.8,-27.49,-0.4,0.32,-0.62
3.423,-120.79,-20.48,-27.28,-0.22,0.3,-0.62
3.431,-120.93,-17.73,-27.22,-0.45,0.38,-0.58
3.438,-120.97,-15.18,-26.99,-0.25,0.47,-0.57
3.447,-120.41,-12.43,-26.79,-0.38,0.37,-0.46
3.455,-120.11,-9.17,-26.47,-0.19,0.09,-0.62
3.463,-119.59,-14.06,-26.58,-0.51,-0.06,-0.87
3.471,-119.25,-12.16,-27.15,-0.57,0.22,-1.07
3.478,-119.06,-10.41,-27.71,-0.57,0.72,-1.07
3.487,-119.27,-8.67,-28.16,-0.69,0.9,-1.2
3.495,-119.72,-6.03,-28.32,-0.61,1.03,-1.1
3.503,-120.46,-3.14,-28.25,-0.7,0.64,-1.03
3.51,-121.23,0.1,-28.17,-0.57,0.7,-0.98
3.518,-122.45,3.08,-27.83,-0.48,0.8,-1.11
3.525,-123.83,6.33,-27.28,-0.41,0.84,-0.93
3.534,-125.18,9.5,-26.39,-0.46,0.85,-0.82
3.541,-126.79,13.36,-25.17,-0.28,0.68,-0.74
3.549,-128.41,17.44,-23.93,-0.41,0.46,-0.69
3.556,-129.79,21.68,-22.66,-0.49,0.25,-0.58
3.564,-131.07,26.14,-21.51,-0.56,0.14,-0.48
3.573,-132.17,30.79,-20.4,-0.55,0.04,-0.38
3.58,-132.99,29.08,-19.47,-0.63,-0.15,-0.27
3.588,-133.66,28.04,-19.06,-0.64,-0.31,-0.18
3.596,-134.1,27.33,-19.13,-0.54,-0.28,-0.08
3.604,-133.89,27.47,-19.48,-0.43,-0.17,0.08
3.611,-132.39,27.72,-19.98,-0.13,-0.22,0.16
3.62,-129.54,28.74,-20.72,0.0,0.04,0.13
3.627,-126.84,30.35,-21.41,-0.03,0.1,0.08
3.635,-125.66,33.14,-21.88,-0.08,0.14,-0.03
3.642,-125.36,37.0,-22.1,-0.02,0.04,-0.05
3.65,-124.12,40.17,-22.1,-0.26,0.09,-0.15
3.659,-122.4,44.98,-22.01,-0.38,0.0,-0.15
3.666,-118.4,44.13,-22.05,-0.51,-0.18,0.25
3.674,-115.54,39.91,-22.25,-0.51,-0.26,-0.47
3.682,-112.16,35.7,-23.05,-0.84,-0.44,-0.76
3.689,-109.11,30.11,-24.19,-0.95,-0.35,-1.2
3.697,-106.37,24.66,-25.59,-1.09,-0.27,-1.44
3.706,-104.34,19.55,-27.31,-1.72,-0.1,-1.67
3.714,-104.43,26.16,-29.97,-0.98,1.25,-3.0
3.722,-107.11,31.82,-29.65,-1.0,1.18,-2.42
3.729,-108.54,30.06,-29.88,-0.9,-0.57,-0.38
3.737,-109.26,30.0,-30.96,-0.74,-0.37,-0.59
3.746,-109.68,28.37,-32.06,-0.64,-0.37,-0.52
3.754,-110.71,30.9,-34.23,-0.34,4.0,-1.07
3.761,-109.96,30.98,-34.03,-1.32,-0.57,-1.18
3.769,-112.69,31.01,-32.75,-1.63,-0.83,-2.37
3.777,-115.78,31.16,-32.12,-1.41,-1.32,-2.74
3.786,-118.44,31.7,-32.89,-0.76,-0.7,-0.7
3.793,-118.25,33.73,-34.11,-0.4,-0.66,0.38
3.801,-116.76,32.46,-35.26,-0.27,-0.64,0.37
3.809,-117.51,28.35,-36.77,-0.01,-0.53,-0.2
3.816,-118.77,30.83,-37.14,-0.39,0.43,-1.72
3.824,-120.44,34.88,-37.55,-0.38,0.13,-1.65
3.833,-122.56,32.56,-37.74,-0.1,-0.34,-0.75
3.841,-117.56,30.22,-38.36,0.35,-0.74,-0.26
3.848,-119.11,28.48,-38.76,-0.76,-0.74,-2.56
3.856,-119.76,25.37,-39.04,-0.81,-0.49,-1.02
3.864,-120.45,21.41,-39.54,-0.79,-0.38,-1.65
3.873,-120.25,17.16,-40.44,-0.51,-0.78,-0.9
3.88,-119.51,12.91,-41.76,-0.71,-0.94,-0.37
3.888,-119.4,8.67,-43.25,-0.86,-0.72,-1.0
3.896,-119.25,6.52,-44.86,-0.95,-0.68,-0.76
3.903,-119.1,5.46,-46.69,-0.89,-0.65,-0.37
3.912,-118.93,3.99,-48.48,-0.78,-0.48,-0.21
3.92,-118.53,2.38,-50.04,-0.63,-0.35,-0.12
3.927,-117.73,1.29,-51.45,-0.54,-0.31,-0.09
3.935,-116.54,0.04,-52.62,-0.52,-0.29,-0.06
3.943,-118.08,6.7,-52.67,-0.08,0.94,-1.3
3.95,-118.72,9.19,-52.34,-0.4,0.93,-2.71
3.959,-118.8,15.54,-51.85,-0.98,0.5,-2.0
3.966,-118.88,14.79,-51.68,-0.62,-0.17,-0.73
3.974,-118.55,12.98,-51.65,-0.55,-0.48,-0.4
3.982,-118.13,9.61,-51.9,-0.7,-0.62,-0.68
3.989,-118.15,6.07,-52.31,-0.93,-1.05,-0.97
3.998,-118.7,4.69,-53.13,-0.65,-0.78,-0.74
4.006,-119.38,3.62,-53.84,-0.47,-0.72,-0.32
4.013,-119.65,1.66,-54.33,-0.31,-0.67,-0.21
4.021,-119.25,-0.57,-54.55,-0.41,-0.7,-0.15
4.029,-118.24,-1.79,-54.77,-0.62,-0.63,-0.12
4.037,-118.11,-5.17,-54.97,-0.76,-0.96,-1.02
4.045,-117.35,-5.83,-55.36,-0.9,-0.85,-0.49
4.053,-117.87,-7.51,-55.99,-0.81,-0.96,-0.95
4.061,-118.59,-10.13,-56.9,-0.46,-0.84,-0.73
4.069,-119.39,-12.0,-57.88,-0.19,-0.64,-0.68
4.077,-118.61,-11.72,-58.74,-0.08,-0.51,-0.05
4.086,-116.73,-13.84,-59.36,-0.32,-0.6,0.03
4.094,-114.89,-16.28,-59.98,-0.56,-0.54,-0.14
4.102,-113.23,-18.02,-60.51,-0.68,-0.57,-0.33
4.11,-111.83,-19.7,-61.14,-0.64,-0.6,-0.32
4.118,-110.55,-21.4,-61.87,-0.67,-0.55,-0.33
4.127,-109.29,-22.96,-62.48,-0.82,-0.46,-0.31
4.135,-107.95,-24.09,-62.88,-0.84,-0.46,-0.26
4.143,-106.33,-24.87,-63.11,-0.7,-0.45,-0.17
4.151,-104.53,-25.93,-62.98,-0.59,-0.44,-0.21
4.158,-102.72,-27.07,-62.75,-0.64,-0.6,-0.3
4.166,-100.99,-28.08,-62.62,-0.7,-0.66,-0.38
4.175,-99.41,-29.06,-62.69,-0.63,-0.65,-0.39
4.183,-97.85,-30.48,-62.48,-0.72,-0.61,-0.41
4.191,-96.12,-31.81,-62.36,-0.83,-0.7,-0.4
4.199,-94.5,-33.23,-62.11,-0.9,-0.73,-0.45
4.207,-91.86,-37.05,-62.93,-0.35,-1.74,0.59
4.215,-91.04,-36.19,-63.35,-0.58,-0.44,-0.61
4.223,-90.69,-35.61,-63.81,-0.3,-0.43,-0.33
4.231,-90.26,-36.35,-63.81,-0.48,-0.44,-0.37
4.239,-89.25,-38.03,-63.97,-0.36,-0.79,-0.01
4.246,-89.28,-39.28,-64.03,-1.29,-1.89,-2.09
4.255,-88.69,-39.39,-63.81,-0.31,-0.22,-0.42
4.263,-87.99,-39.21,-63.43,-0.45,-0.38,-0.35
4.271,-87.05,-39.99,-62.93,-0.72,-0.34,-0.23
4.279,-86.82,-41.15,-62.57,-0.95,-0.95,-0.56
4.287,-86.96,-42.11,-62.12,-0.59,-0.5,-0.6
4.294,-87.37,-42.87,-61.67,-0.66,-0.55,-0.53
4.303,-87.91,-43.32,-61.24,-0.61,-0.49,-0.51
4.311,-88.42,-43.45,-61.29,-0.62,-1.16,-0.25
4.319,-89.25,-43.63,-60.77,-0.54,-0.39,-0.34
4.327,-89.8,-43.84,-60.57,-0.84,-1.57,-0.22
4.334,-90.79,-44.91,-59.94,-0.54,-0.28,-0.37
4.343,-90.9,-44.81,-59.79,-1.23,-2.44,0.16
4.351,-90.91,-44.43,-59.62,-1.31,-2.65,0.33
4.358,-91.79,-45.63,-59.19,-0.43,-0.1,-0.18
4.366,-92.66,-46.95,-58.5,-0.35,-0.13,-0.1
4.374,-94.14,-42.46,-57.9,-0.27,0.11,-0.34
4.383,-94.92,-38.03,-57.32,-0.34,0.08,-0.2
4.39,-94.01,-38.13,-57.55,-1.24,-3.26,1.02
4.398,-92.89,-37.9,-57.86,-0.67,-1.14,0.53
4.406,-92.04,-38.14,-57.93,-0.69,-1.61,0.58
4.413,-86.81,-34.34,-57.67,0.05,0.26,-0.51
4.421,-86.12,-35.18,-57.47,-0.59,-0.92,0.41
4.429,-85.7,-36.09,-57.04,-0.82,-1.01,0.4
4.437,-85.01,-36.07,-56.61,-0.44,-0.79,0.37
4.445,-84.73,-36.76,-56.02,-0.78,-0.6,0.33
4.452,-85.01,-38.06,-55.37,-0.78,-0.62,0.02
4.46,-85.34,-38.56,-54.67,-0.89,-0.83,0.05
4.469,-85.51,-39.31,-54.19,-0.91,-0.86,0.01
4.476,-85.24,-39.73,-53.89,-1.14,-1.49,0.25
4.484,-85.64,-41.62,-53.41,-0.67,-0.18,-0.18
4.492,-85.27,-42.21,-53.42,-1.11,-1.31,0.39
4.499,-84.63,-42.41,-53.99,-0.72,-1.17,0.41
4.507,-84.39,-42.19,-54.65,-0.75,-0.59,0.3
4.515,-84.12,-42.24,-55.48,-0.8,-0.54,0.45
4.523,-84.05,-43.39,-56.37,-0.69,-0.64,0.29
4.531,-84.42,-44.99,-57.1,-0.62,-0.72,0.06
4.538,-84.75,-46.45,-57.61,-0.6,-0.77,-0.02
4.546,-84.57,-47.76,-57.7,-0.59,-0.77,0.07
4.555,-83.91,-49.32,-57.52,-0.66,-0.71,0.1
4.562,-83.01,-51.17,-57.16,-0.67,-0.71,0.04
4.57,-82.17,-52.88,-56.75,-0.72,-0.67,-0.02
4.578,-81.36,-54.12,-56.41,-0.62,-0.74,0.02
4.586,-81.28,-54.7,-56.2,-0.74,-0.66,-0.05
4.593,-81.39,-54.54,-56.37,-0.75,-0.63,0.14
4.602,-81.62,-54.44,-56.55,-0.67,-0.69,0.3
4.61,-82.48,-54.64,-56.95,-0.81,-0.6,0.14
4.617,-83.52,-54.92,-57.81,-0.86,-0.57,0.1
4.625,-84.2,-55.41,-58.87,-0.7,-0.66,0.25
4.633,-84.43,-56.82,-60.02,-0.69,-0.66,0.25
4.641,-84.46,-59.11,-61.14,-0.63,-0.71,0.12
4.649,-84.38,-61.94,-62.14,-0.64,-0.72,-0.06
4.657,-84.69,-64.42,-62.83,-0.48,-0.88,-0.23
4.664,-84.78,-66.3,-63.04,-0.51,-0.88,-0.23
4.672,-84.66,-67.54,-63.03,-0.54,-0.86,-0.11
4.681,-84.52,-68.54,-62.68,-0.53,-0.83,-0.01
4.689,-84.68,-69.46,-62.32,-0.61,-0.78,-0.05
4.697,-85.38,-70.03,-61.99,-0.61,-0.79,-0.12
4.704,-86.27,-70.15,-61.87,-0.67,-0.73,-0.07
4.712,-87.28,-70.04,-61.98,-0.68,-0.72,-0.01
4.72,-88.0,-70.28,-62.31,-0.71,-0.69,0.05
4.729,-88.43,-71.25,-62.88,-0.66,-0.72,0.02
4.736,-89.02,-72.44,-63.35,-0.6,-0.8,-0.08
4.744,-89.28,-73.83,-63.99,-0.74,-0.69,-0.16
4.752,-89.22,-75.19,-64.78,-0.59,-0.77,-0.06
4.76,-89.23,-76.76,-65.36,-0.55,-0.84,-0.13
4.769,-89.09,-78.37,-66.04,-0.59,-0.78,-0.14
4.776,-89.07,-79.93,-66.62,-0.52,-0.84,-0.14
4.784,-89.32,-81.37,-67.02,-0.53,-0.84,-0.23
4.792,-89.57,-82.47,-67.4,-0.55,-0.82,-0.2
4.8,-89.96,-83.39,-67.74,-0.54,-0.82,-0.18
4.809,-90.7,-84.07,-68.06,-0.55,-0.82,-0.17
4.816,-91.65,-84.64,-68.3,-0.51,-0.84,-0.18
4.824,-92.44,-85.29,-68.61,-0.55,-0.8,-0.15
4.832,-93.44,-85.95,-68.81,-0.55,-0.81,-0.22
4.84,-94.24,-86.66,-69.04,-0.5,-0.84,-0.25
4.848,-94.82,-87.43,-69.2,-0.49,-0.86,-0.27
4.856,-95.25,-88.2,-69.35,-0.54,-0.82,-0.3
4.864,-95.44,-88.85,-69.48,-0.52,-0.84,-0.34
4.872,-95.48,-89.22,-69.45,-0.47,-0.87,-0.26
4.88,-95.4,-89.49,-69.3,-0.5,-0.84,-0.19
4.888,-95.36,-89.8,-69.11,-0.51,-0.83,-0.15
4.896,-95.52,-90.25,-68.84,-0.51,-0.83,-0.14
4.904,-95.99,-90.79,-68.56,-0.53,-0.82,-0.21
4.912,-96.56,-91.27,-68.29,-0.54,-0.81,-0.21
4.92,-97.53,-91.56,-68.14,-0.56,-0.81,-0.29
4.928,-98.27,-91.8,-68.0,-0.55,-0.8,-0.19
4.936,-98.77,-92.44,-67.81,-0.53,-0.81,-0.21
4.944,-99.5,-93.01,-67.59,-0.53,-0.83,-0.34
4.952,-99.86,-93.39,-67.36,-0.59,-0.77,-0.32
4.96,-100.01,-93.64,-67.02,-0.51,-0.83,-0.2
4.968,-100.24,-94.07,-66.62,-0.54,-0.8,-0.25
4.976,-100.74,-94.33,-66.14,-0.54,-0.81,-0.29
4.985,-101.4,-94.35,-65.63,-0.56,-0.79,-0.31
4.993,-102.23,-94.1,-65.14,-0.56,-0.78,-0.25
5.001,-103.16,-93.84,-64.64,-0.58,-0.78,-0.24
5.009,-104.15,-93.61,-64.28,-0.62,-0.74,-0.26
5.017,-105.15,-93.36,-64.04,-0.62,-0.75,-0.26
5.026,-106.04,-93.17,-63.95,-0.63,-0.74,-0.25
5.034,-106.77,-93.14,-64.03,-0.62,-0.75,-0.23
5.041,-107.34,-93.34,-64.19,-0.61,-0.75,-0.25
5.049,-107.77,-93.72,-64.43,-0.59,-0.76,-0.28
5.057,-108.02,-94.17,-64.7,-0.57,-0.78,-0.28
5.066,-108.12,-94.7,-64.96,-0.56,-0.79,-0.28
5.074,-108.16,-95.25,-65.16,-0.54,-0.8,-0.28
5.082,-108.31,-95.73,-65.31,-0.54,-0.8,-0.3
5.09,-108.54,-96.03,-65.44,-0.55,-0.79,-0.3
5.098,-108.87,-96.22,-65.56,-0.55,-0.79,-0.31
5.107,-109.3,-96.26,-65.69,-0.56,-0.79,-0.32
5.115,-109.72,-96.15,-65.94,-0.59,-0.77,-0.31
5.123,-110.01,-95.97,-66.34,-0.6,-0.76,-0.29
5.131,-110.16,-95.8,-66.93,-0.6,-0.76,-0.29
5.139,-110.19,-95.66,-67.8,-0.57,-0.78,-0.25
5.147,-109.85,-95.82,-68.87,-0.59,-0.77,-0.29
5.156,-109.21,-96.01,-70.0,-0.53,-0.81,-0.3
5.164,-108.0,-96.38,-71.19,-0.46,-0.85,-0.17
5.172,-106.55,-97.25,-72.24,-0.47,-0.84,-0.17
5.18,-105.33,-98.32,-73.17,-0.4,-0.89,-0.21
5.188,-104.32,-99.3,-73.95,-0.44,-0.88,-0.25
5.197,-103.57,-100.15,-74.51,-0.36,-0.93,-0.22
5.205,-103.0,-100.88,-75.15,-0.48,-0.85,-0.32
5.213,-102.14,-101.66,-75.77,-0.54,-0.8,-0.31
5.221,-102.61,-101.11,-76.62,-0.39,-0.92,-0.36
5.229,-102.31,-100.51,-77.08,-0.42,-0.88,-0.12
5.239,-101.65,-100.57,-77.89,-0.47,-0.8,-0.1
5.247,-101.49,-100.83,-78.64,-0.36,-0.93,-0.2
5.255,-100.72,-101.33,-79.44,-0.54,-0.8,-0.23
5.263,-99.63,-102.11,-80.51,-0.35,-0.91,-0.09
5.271,-98.99,-103.24,-81.43,-0.34,-0.95,-0.34
5.28,-98.29,-103.86,-82.4,-0.39,-0.9,-0.29
5.288,-97.3,-104.47,-83.36,-0.31,-0.93,-0.11
5.296,-96.03,-105.38,-84.44,-0.22,-1.1,0.01
5.304,-95.89,-106.43,-85.29,-0.34,-0.96,-0.21
5.312,-96.68,-107.04,-86.05,-0.24,-1.0,-0.41
5.321,-97.67,-106.88,-86.75,-0.3,-0.95,-0.35
5.329,-98.5,-106.49,-87.45,-0.29,-0.94,-0.25
5.336,-99.34,-106.16,-88.07,-0.25,-0.96,-0.23
5.344,-100.15,-105.97,-88.5,-0.22,-1.0,-0.27
5.353,-100.59,-105.86,-88.83,-0.26,-0.96,-0.27
5.361,-100.38,-105.92,-89.28,-0.32,-0.9,-0.15
5.37,-100.33,-106.65,-89.58,-0.17,-1.0,-0.16
5.378,-100.64,-107.29,-89.98,-0.3,-0.93,-0.38
5.386,-101.17,-107.33,-90.51,-0.24,-0.98,-0.42
5.394,-101.36,-106.92,-91.41,-0.31,-0.89,-0.26
5.402,-95.48,-106.75,-92.5,0.05,-0.86,-0.28
5.411,-95.74,-107.33,-93.93,-0.39,-0.75,-0.54
5.419,-95.51,-107.58,-95.44,-0.19,-1.03,-0.4
5.427,-93.33,-107.4,-96.8,-0.7,-1.19,0.07
5.435,-92.53,-108.24,-98.01,-0.02,-1.03,-0.09
5.443,-91.4,-109.39,-99.11,-0.14,-0.98,-0.43
5.452,-90.83,-109.7,-100.27,-0.07,-1.01,-0.35
5.46,-83.47,-109.83,-101.28,0.02,-1.08,-0.27
5.468,-83.12,-109.8,-102.39,-0.12,-0.95,-0.2
5.476,-76.45,-109.74,-103.32,0.01,-1.05,-0.36
5.484,-76.71,-109.21,-104.12,-0.15,-0.95,-0.39
5.493,-76.24,-108.59,-104.87,-0.08,-0.94,-0.06
5.501,-76.61,-108.54,-105.84,-0.04,-1.0,-0.11
5.51,-76.45,-106.68,-106.66,-0.45,-0.73,-0.1
5.518,-75.03,-104.81,-107.32,-0.03,-0.97,0.07
5.526,-69.72,-103.41,-107.87,0.0,-1.01,-0.15
5.535,-65.44,-102.0,-108.35,0.03,-1.03,-0.04
5.543,-67.48,-100.78,-108.81,-0.03,-1.01,-0.14
5.551,-69.6,-99.64,-109.25,-0.01,-1.0,-0.12
5.559,-67.51,-98.78,-109.39,0.15,-1.07,0.27
5.566,-69.51,-98.48,-109.48,-0.02,-1.02,-0.14
5.574,-70.78,-97.88,-109.82,-0.1,-1.07,-0.1
5.583,-72.67,-97.32,-110.5,-0.02,-1.03,-0.08
5.591,-68.55,-96.72,-111.04,0.07,-0.98,-0.08
5.599,-66.49,-96.12,-111.45,0.04,-1.03,0.05
5.607,-64.03,-95.71,-111.86,0.08,-1.01,0.07
5.614,-60.9,-95.47,-112.24,0.07,-1.01,0.02
5.623,-57.24,-95.29,-112.55,0.07,-1.01,-0.01
5.631,-58.61,-94.96,-112.6,-0.05,-1.13,-0.11
5.639,-54.59,-94.02,-111.6,0.89,-0.43,-0.02
5.646,-53.9,-96.21,-111.0,-1.92,-4.0,-0.44
5.654,-51.57,-98.69,-110.49,-0.86,-1.06,-0.04
5.663,-50.73,-99.79,-110.48,-0.23,-1.04,-0.25
5.671,-50.25,-100.15,-110.52,-0.27,-0.95,-0.2
5.68,-50.83,-102.97,-109.8,-0.24,-1.15,-0.43
5.688,-52.76,-105.1,-109.42,-0.42,-0.7,-1.14
5.696,-55.06,-106.25,-109.38,-0.36,-1.95,-0.57
5.705,-51.08,-109.51,-107.66,0.08,-0.91,-0.76
5.713,-54.53,-107.41,-106.34,-0.34,0.93,-1.22
5.721,-57.38,-109.64,-104.67,-0.71,-3.63,-0.92
5.729,-61.17,-108.1,-102.59,-0.17,0.45,-1.14
5.737,-65.16,-99.03,-100.52,-0.14,0.48,-0.78
5.745,-69.04,-97.98,-97.87,-0.33,1.57,-1.02
5.753,-72.86,-102.29,-95.14,-0.9,-1.51,-1.78
5.761,-77.26,-106.57,-92.21,-0.93,-1.37,-1.58
5.769,-80.64,-104.8,-88.29,-0.59,0.54,-0.44
5.777,-84.15,-108.49,-84.59,-1.23,-0.89,-1.62
5.785,-85.72,-108.36,-88.67,-1.06,0.81,0.44
5.794,-87.2,-105.86,-92.58,-1.42,0.56,-0.22
5.802,-89.29,-109.46,-96.58,-1.83,-0.35,-0.77
5.81,-91.21,-111.64,-100.66,-2.02,-0.54,-0.21
5.818,-92.35,-115.21,-104.82,-1.87,-0.4,-0.49
5.826,-92.85,-116.5,-108.99,-1.75,-1.39,-0.41
5.835,-93.07,-116.56,-113.16,-1.72,-1.97,-0.36
5.843,-93.88,-117.46,-110.23,-1.52,-1.66,-0.78
5.851,-94.66,-116.55,-108.23,-1.13,-1.62,-0.47
5.859,-95.54,-117.9,-106.54,-0.78,-1.48,-0.47
5.867,-97.17,-117.73,-104.99,-0.53,-1.19,-0.73
5.877,-99.06,-115.79,-103.5,-0.52,-1.49,-0.62
5.885,-100.62,-114.69,-102.59,-0.27,-1.5,-0.41
5.893,-101.8,-114.24,-102.17,-0.09,-1.33,-0.45
5.901,-95.61,-114.59,-102.35,0.02,-1.1,-0.55
5.909,-89.73,-114.81,-102.7,0.19,-0.86,-0.64
5.918,-84.23,-114.85,-103.27,0.28,-0.68,-0.68
5.926,-79.15,-114.95,-104.01,0.34,-0.49,-0.66
5.934,-74.51,-114.68,-104.95,0.35,-0.37,-0.55
5.942,-77.85,-107.98,-105.54,-2.18,1.3,-4.0
5.95,-82.26,-105.24,-106.77,-0.07,-0.22,-1.07
5.958,-79.81,-99.8,-107.58,0.04,0.26,-0.05
5.967,-83.58,-94.62,-107.65,-0.1,0.05,-1.02
5.975,-85.5,-97.09,-107.62,-0.5,-0.22,-1.41
5.983,-87.78,-90.65,-107.36,-0.56,0.0,-1.7
5.991,-89.54,-91.24,-106.58,-0.22,-0.18,-0.75
5.998,-90.94,-93.5,-105.69,-0.4,-0.18,-0.71
6.007,-92.42,-95.41,-104.97,-0.46,-0.21,-1.1
6.015,-94.48,-96.6,-104.18,-0.52,-0.18,-1.32
6.023,-96.96,-96.67,-103.79,-0.51,-0.31,-1.22
6.031,-99.52,-96.23,-103.53,-0.43,-0.3,-0.84
6.039,-102.07,-96.03,-103.12,-0.36,-0.39,-0.76
6.048,-104.61,-96.31,-102.79,-0.27,-0.32,-0.89
6.057,-107.02,-96.79,-102.55,-0.22,-0.31,-0.9
6.065,-109.08,-97.19,-102.37,-0.23,-0.35,-0.73
6.073,-105.79,-91.42,-102.15,0.26,-0.51,2.84
6.081,-105.8,-95.25,-101.67,-0.37,-0.53,-0.6
6.09,-106.05,-97.64,-101.66,-0.32,-0.36,-2.21
6.098,-107.62,-89.97,-101.66,-0.02,0.09,-1.55
6.106,-108.68,-91.07,-101.51,-0.16,-0.05,-0.91
6.114,-109.58,-85.49,-101.29,-0.17,0.03,-0.88
6.122,-103.54,-86.89,-100.93,0.07,-0.09,-0.9
6.131,-104.53,-88.65,-100.44,-0.04,-0.11,-0.92
6.139,-105.36,-89.59,-100.05,-0.19,-0.28,-0.84
6.147,-106.25,-90.67,-100.01,-0.21,-0.4,-1.1
6.155,-107.11,-92.07,-100.05,-0.25,-0.24,-0.87
6.164,-107.93,-93.93,-100.12,-0.26,-0.21,-0.96
6.173,-108.88,-95.24,-100.32,-0.33,-0.35,-1.04
6.181,-109.89,-96.9,-100.54,-0.25,-0.22,-0.85
6.189,-110.99,-99.05,-100.7,-0.15,-0.22,-0.93
6.197,-112.2,-101.13,-100.84,-0.11,-0.19,-1.15
6.205,-113.39,-102.65,-100.9,-0.12,-0.1,-1.17
6.214,-114.54,-103.44,-100.72,-0.21,-0.11,-1.24
6.223,-115.71,-103.56,-100.48,-0.23,-0.2,-1.09
6.231,-116.88,-103.58,-100.16,-0.2,-0.26,-0.92
6.24,-117.68,-104.42,-99.91,-0.26,-0.49,-0.66
6.248,-118.65,-105.84,-99.79,-0.23,-0.24,-1.08
6.256,-119.59,-106.91,-99.76,-0.27,-0.29,-1.03
6.265,-120.68,-107.97,-99.6,-0.12,-0.2,-1.07
6.273,-121.66,-108.79,-99.26,-0.21,-0.24,-1.06
6.281,-122.59,-109.42,-99.12,-0.28,-0.26,-1.01
6.289,-123.71,-110.1,-98.75,-0.16,-0.22,-0.99
6.297,-124.72,-110.73,-98.21,-0.2,-0.3,-1.0
6.307,-125.51,-111.38,-97.86,-0.28,-0.38,-0.89
6.315,-126.31,-112.27,-97.36,-0.19,-0.36,-0.78
6.323,-126.63,-113.16,-96.96,-0.39,-0.49,-0.82
6.331,-126.61,-114.33,-96.37,-0.49,-0.18,-0.71
6.339,-126.38,-114.89,-95.74,-0.54,-0.72,-0.66
6.348,-126.33,-116.04,-95.16,-0.54,-0.39,-1.0
6.356,-126.45,-116.36,-94.77,-0.52,-0.52,-0.79
6.365,-127.01,-115.97,-94.74,-0.48,-0.64,-0.7
6.373,-128.08,-115.35,-95.07,-0.48,-0.33,-1.72
6.381,-129.81,-114.01,-95.81,-0.47,-0.42,-1.74
6.39,-131.23,-110.23,-96.87,-0.11,-0.55,-0.22
6.398,-127.09,-107.53,-97.9,0.18,-0.27,-0.06
6.406,-121.42,-107.6,-98.67,0.03,-0.31,-0.46
6.414,-121.63,-108.99,-99.12,-0.13,-0.07,-0.94
6.422,-121.82,-111.3,-99.6,-0.41,-0.39,-1.08
6.431,-121.64,-112.16,-100.17,-0.35,-0.19,-0.69
6.44,-121.77,-112.38,-100.6,-0.22,-0.32,-1.42
6.448,-122.01,-113.09,-100.85,-0.35,-0.44,-1.35
6.456,-122.47,-114.21,-100.99,-0.2,-0.19,-0.83
6.465,-123.17,-115.06,-101.07,-0.05,-0.48,-1.2
6.474,-117.12,-115.0,-101.18,0.18,-0.53,-1.13
6.482,-118.51,-115.44,-101.53,-0.11,-0.43,-1.08
6.49,-120.09,-115.76,-101.78,-0.14,-0.2,-0.93
6.499,-121.68,-115.88,-101.94,-0.12,-0.35,-0.81
6.507,-123.29,-115.82,-102.14,-0.09,-0.89,-1.04
6.516,-124.9,-116.65,-102.47,-0.02,-0.3,-0.75
6.524,-125.75,-116.78,-102.42,-0.25,-0.47,-0.87
6.533,-126.1,-115.74,-102.66,-0.46,-0.87,-0.51
6.541,-119.89,-116.56,-103.0,0.14,-0.72,-0.73
6.549,-113.53,-117.65,-102.97,0.11,-0.84,-1.05
6.558,-107.64,-117.76,-103.26,0.09,-0.63,-0.85
6.566,-108.71,-117.78,-103.17,-0.05,-0.72,-0.97
6.575,-103.02,-117.44,-102.96,0.03,-0.62,-0.72
6.583,-103.59,-117.3,-102.56,-0.72,-0.68,-0.77
6.591,-103.52,-116.74,-102.56,-0.9,-0.75,-0.52
6.6,-104.1,-117.76,-102.69,-0.8,-0.84,-1.06
6.609,-104.35,-117.97,-103.12,-0.39,-0.73,-0.6
6.617,-104.91,-118.01,-103.53,-0.17,-0.77,-0.66
6.625,-105.19,-117.79,-104.08,-0.11,-0.64,-0.46
6.634,-105.66,-118.72,-104.18,-0.06,-0.64,-0.84
6.643,-106.08,-118.51,-104.46,-0.0,-0.64,-0.64
6.651,-106.41,-118.73,-104.86,-0.13,-0.66,-0.77
6.66,-106.26,-118.88,-105.36,-0.26,-0.52,-0.44
6.668,-106.03,-119.4,-105.97,-0.4,-0.53,-0.33
6.676,-106.55,-120.4,-106.51,-0.37,-0.46,-0.79
6.686,-107.38,-121.3,-107.01,-0.32,-0.47,-0.98
6.694,-108.78,-121.51,-107.22,-0.2,-0.52,-0.92
6.702,-109.96,-121.66,-107.39,-0.22,-0.56,-0.82
6.71,-111.23,-122.04,-107.42,-0.23,-0.51,-0.93
6.719,-112.58,-122.04,-107.52,-0.21,-0.59,-0.87
6.728,-113.95,-121.91,-107.64,-0.18,-0.66,-0.71
6.736,-115.18,-122.08,-107.76,-0.28,-0.67,-0.7
6.745,-116.5,-122.02,-108.11,-0.35,-0.68,-0.74
6.753,-117.8,-122.01,-108.13,-0.41,-0.69,-0.77
6.761,-119.29,-121.91,-108.3,-0.24,-0.68,-0.73
6.771,-120.76,-121.89,-108.3,-0.2,-0.71,-0.78
6.779,-122.2,-121.72,-108.19,-0.21,-0.7,-0.79
6.787,-123.52,-121.52,-108.02,-0.21,-0.7,-0.76
6.795,-124.67,-121.19,-107.86,-0.19,-0.84,-0.7
6.804,-125.36,-120.37,-107.88,-0.13,-0.91,-0.42
6.813,-126.08,-120.91,-108.04,-0.25,-0.78,-0.73
6.821,-126.57,-121.56,-108.3,-0.51,-1.11,-1.32
6.83,-124.28,-120.87,-108.78,-0.12,-0.8,0.14
6.838,-123.79,-111.78,-110.51,-1.8,3.82,-3.44
6.846,-124.44,-108.14,-107.15,-0.81,-3.64,-3.18
6.854,-118.64,-112.37,-106.01,0.41,-2.34,-1.25
6.863,-113.13,-116.34,-105.13,0.25,-1.09,-0.6
6.871,-114.77,-120.39,-103.96,-0.04,-0.11,-0.79
6.88,-115.91,-123.1,-102.63,-0.5,-0.82,-1.32
6.888,-110.67,-124.82,-102.12,0.13,-0.07,-0.28
6.896,-111.67,-125.53,-101.47,-0.62,-1.08,-1.09
6.905,-112.21,-125.03,-100.97,-0.75,-0.92,-0.77
6.914,-112.84,-124.92,-101.67,-0.47,-0.33,-0.9
6.922,-113.29,-118.28,-101.79,-1.07,0.36,-0.98
6.93,-115.35,-109.17,-101.19,-0.66,0.0,-1.41
6.938,-118.34,-107.58,-101.14,-0.0,-1.08,-0.96
6.948,-112.75,-107.81,-101.81,0.06,-0.62,-1.03
6.956,-113.27,-106.99,-102.65,-0.74,-0.53,-0.85
6.964,-113.22,-106.69,-103.52,-0.82,-0.0,-0.45
6.972,-113.86,-100.04,-104.16,-0.56,0.19,-0.88
6.981,-114.32,-93.85,-104.6,-0.49,0.32,-0.46
6.99,-115.57,-93.94,-104.66,-0.12,-0.6,-1.17
6.998,-110.12,-88.47,-104.35,0.13,0.43,-0.41
7.005,-111.61,-88.6,-104.06,-0.02,-0.59,-0.53
7.014,-106.37,-88.59,-103.91,0.15,-0.32,-0.43
7.022,-100.82,-86.75,-103.46,0.17,-0.71,-1.51
7.031,-96.93,-82.82,-103.28,0.1,-0.66,0.03
7.038,-94.31,-82.31,-102.82,-0.0,-0.74,0.09
7.046,-94.49,-84.88,-102.39,-0.25,-0.99,-0.48
7.054,-95.02,-86.58,-102.24,-0.59,-0.94,-1.66
7.062,-94.97,-86.63,-102.42,-0.35,-1.0,-0.37
7.071,-94.12,-88.62,-103.49,-1.14,-0.31,-0.57
7.079,-93.66,-85.49,-103.96,-0.61,1.14,-1.15
7.087,-89.11,-84.5,-103.56,0.48,-0.73,-2.3
7.094,-92.75,-83.85,-102.24,-0.51,-2.11,-2.37
7.102,-91.84,-79.27,-103.2,-0.74,-4.0,3.09
7.11,-90.0,-77.2,-103.37,0.05,-1.64,0.21
7.119,-91.23,-78.31,-103.06,-0.13,-0.95,-0.35
7.127,-92.42,-79.38,-102.74,-0.27,-0.78,-0.61
7.135,-93.41,-80.75,-102.14,-0.44,-0.91,-0.78
7.143,-93.42,-80.68,-101.74,-0.47,-1.07,-0.37
7.151,-93.03,-79.43,-101.83,-0.51,-0.8,-0.73
7.16,-91.44,-78.5,-101.8,-0.43,-1.59,-0.42
7.168,-90.52,-77.99,-101.5,-0.15,-0.75,-0.63
7.176,-82.51,-77.44,-100.5,0.01,-0.91,-0.77
7.183,-74.57,-76.0,-99.05,0.02,-1.12,-0.31
7.191,-72.23,-75.2,-96.97,-0.65,-0.6,-0.28
7.2,-70.18,-73.85,-94.83,-0.39,-0.96,-0.32
7.208,-68.44,-71.75,-92.91,-0.08,-0.94,-0.08
7.215,-66.0,-68.99,-91.25,-0.82,-1.28,-0.03
7.223,-63.36,-67.27,-89.9,-0.95,-1.84,0.13
7.231,-61.13,-67.4,-89.81,-1.55,-3.14,0.32
7.24,-66.73,-72.33,-91.34,-2.3,-1.43,-4.0
7.247,-62.54,-70.46,-90.36,-0.1,-0.34,2.21
7.255,-62.53,-69.67,-90.34,-0.08,-1.89,-0.6
7.263,-59.08,-67.01,-90.88,0.14,-0.85,0.66
7.27,-61.09,-65.68,-93.55,-0.67,-2.52,-1.19
7.278,-61.13,-64.06,-97.55,-1.38,-2.25,1.01
7.287,-62.51,-64.64,-101.46,-1.26,-2.34,-0.92
7.295,-58.66,-57.21,-105.54,0.2,2.2,-2.16
7.302,-60.3,-54.9,-108.4,-0.17,-0.74,0.36
7.31,-61.49,-49.97,-110.11,-0.31,0.3,0.29
7.318,-62.23,-48.3,-110.27,-0.39,-0.66,0.05
7.327,-63.3,-47.2,-110.04,-0.5,-0.89,-0.13
7.335,-64.36,-45.75,-109.98,-0.5,-1.1,-0.05
7.342,-63.58,-43.56,-110.13,-0.24,-0.96,0.44
7.35,-62.48,-41.36,-110.02,-0.15,-1.17,0.27
7.358,-60.88,-39.28,-109.94,0.07,-0.98,0.37
7.366,-59.3,-37.29,-110.07,0.07,-1.23,0.7
7.374,-58.59,-35.89,-111.02,-0.37,-1.39,0.5
7.382,-58.4,-34.46,-113.14,-0.68,-1.14,0.38
7.39,-57.77,-33.1,-115.7,-0.22,-0.67,0.28
7.398,-57.89,-32.0,-118.46,-0.4,-0.56,0.14
7.406,-58.2,-30.68,-121.23,-0.45,-0.41,0.16
7.414,-57.84,-28.78,-123.72,-0.42,-0.33,0.4
7.422,-58.21,-27.6,-125.86,-0.46,-0.46,0.22
7.43,-57.52,-25.26,-127.36,-0.19,-0.36,0.77
7.438,-56.28,-22.8,-128.04,0.02,-0.39,0.59
7.445,-55.02,-20.57,-128.21,0.05,-0.4,0.58
7.454,-53.98,-18.51,-127.88,0.0,-0.3,0.46
7.462,-53.17,-16.45,-127.21,-0.0,-0.27,0.54
7.469,-52.4,-14.47,-126.46,0.01,-0.27,0.63
7.477,-51.6,-12.86,-125.91,0.02,-0.31,0.68
7.485,-50.49,-10.55,-125.22,0.15,0.09,0.67
7.492,-49.42,-9.39,-124.7,0.01,-0.36,0.75
7.501,-48.48,-8.93,-124.9,-0.3,-0.78,0.86
7.508,-45.98,-8.16,-125.56,0.38,-0.06,0.34
7.516,-45.16,-8.18,-126.17,-0.2,-0.38,0.71
7.523,-43.84,-7.87,-127.13,0.01,-0.27,0.57
7.531,-42.85,-8.04,-127.68,0.09,-0.37,0.38
7.539,-42.41,-8.01,-128.54,-0.12,-0.62,0.77
7.547,-42.0,-7.89,-129.31,-0.1,-0.41,0.82
7.555,-39.61,-5.87,-129.99,0.31,-0.01,2.23
7.562,-35.92,-6.52,-130.16,0.19,-0.29,-0.13
7.57,-34.93,-5.44,-130.44,0.04,-0.16,0.8
7.577,-34.21,-4.55,-130.6,-0.02,-0.13,0.56
7.586,-33.76,-3.35,-130.71,-0.07,-0.14,0.91
7.594,-33.04,-2.27,-130.76,0.14,-0.34,0.64
7.601,-32.64,-2.56,-132.12,0.32,-0.68,0.74
7.608,-33.19,-3.42,-133.52,-0.92,-0.41,1.1
7.616,-30.3,0.94,-134.52,0.96,0.46,-1.02
7.624,-31.07,1.38,-134.94,-0.09,0.19,1.0
7.632,-31.53,1.24,-135.15,-0.12,-0.22,0.73
7.639,-31.95,1.03,-135.31,-0.09,-0.06,0.93
7.647,-32.42,0.48,-135.35,-0.12,-0.27,0.78
7.654,-32.82,-0.46,-135.59,0.0,-0.47,0.64
7.662,-33.08,-1.42,-136.11,-0.17,-0.57,1.12
7.67,-33.69,-1.67,-136.46,-0.16,-0.1,1.11
7.678,-30.61,0.34,-136.49,0.03,0.98,-0.88
7.685,-31.21,-0.61,-136.84,-0.48,-2.39,2.84
7.693,-28.65,-2.59,-138.67,-0.27,-0.55,3.52
7.7,-26.95,-3.22,-139.6,-0.11,0.55,0.5
7.709,-29.92,-0.06,-139.97,-0.22,0.04,-0.7
7.717,-31.0,-0.57,-140.11,-0.14,-0.12,0.42
7.724,-31.76,-1.26,-140.19,-0.21,-0.38,1.22
7.732,-32.27,-2.02,-140.35,-0.28,-0.32,1.16
7.739,-32.93,-2.74,-140.5,-0.3,-0.21,0.97
7.747,-33.39,-3.18,-140.57,-0.3,-0.24,1.25
7.756,-33.48,-3.74,-140.66,-0.24,-0.3,1.44
7.763,-33.28,-4.58,-140.77,-0.22,-0.42,1.28
7.771,-32.78,-5.21,-140.82,-0.04,-0.23,1.12
7.779,-32.31,-5.79,-140.68,0.02,-0.29,0.9
7.786,-32.01,-6.21,-140.33,-0.06,-0.22,1.0
7.795,-31.7,-6.91,-139.81,-0.16,-0.26,1.09
7.802,-31.24,-7.94,-139.15,-0.12,-0.3,0.87
7.81,-31.19,-9.47,-138.51,-0.26,-0.56,0.63
7.818,-31.2,-11.31,-138.29,-0.2,-0.72,0.69
7.825,-31.24,-13.09,-138.46,-0.2,-0.73,0.74
7.833,-27.48,-9.17,-138.88,-0.29,-0.26,4.0
7.842,-25.03,-11.58,-139.58,-0.42,-0.61,0.39
7.85,-26.08,-15.29,-139.75,-0.26,-0.13,-0.68
7.858,-23.58,-16.72,-139.92,0.39,-0.54,-0.26
7.865,-23.66,-16.11,-139.79,0.07,-0.27,1.44
7.873,-23.21,-15.97,-139.58,-0.08,-0.53,1.4
7.882,-22.49,-15.74,-139.51,-0.03,-0.41,0.94
7.89,-21.52,-15.24,-139.43,0.02,-0.49,1.0
7.897,-20.05,-14.05,-139.43,0.09,-0.47,1.28
7.905,-17.84,-12.21,-139.42,0.17,-0.43,1.39
7.913,-15.5,-10.25,-139.32,0.07,-0.24,0.91
7.92,-13.27,-9.04,-139.11,0.15,-0.3,0.81
7.929,-11.33,-8.26,-138.99,0.14,-0.41,0.84
7.936,-9.18,-7.58,-138.99,0.36,-0.41,1.33
7.943,-6.94,-7.11,-139.17,0.3,-0.44,1.28
7.951,-4.71,-6.83,-139.48,0.35,-0.41,1.13
7.958,-2.66,-6.5,-139.89,0.25,-0.33,1.2
7.966,-0.54,-6.09,-140.33,0.28,-0.28,1.39
7.974,1.68,-5.64,-140.76,0.18,-0.2,1.35
7.981,4.0,-5.07,-141.16,0.18,-0.15,1.24
7.988,6.35,-4.74,-141.51,0.2,-0.09,1.17
7.995,8.8,-4.25,-141.85,0.29,-0.13,1.23
8.002,11.37,-3.73,-142.16,0.37,-0.17,1.07
8.011,14.03,-3.34,-142.43,0.41,-0.21,0.97
8.018,16.75,-3.06,-142.63,0.45,-0.2,1.05
8.025,19.6,-2.88,-142.76,0.49,-0.23,1.07
8.032,22.7,-2.79,-142.89,0.48,-0.25,0.88
8.04,25.82,-2.84,-142.91,0.58,-0.15,0.85
8.047,28.84,-3.09,-142.97,0.6,-0.24,0.69
8.055,31.63,-3.29,-143.1,0.62,-0.19,0.76
8.063,34.14,-3.3,-143.42,0.53,-0.13,0.7
8.07,36.52,-3.16,-143.79,0.52,-0.08,0.75
8.077,38.98,-2.82,-144.13,0.54,-0.06,0.79
8.085,41.84,-2.34,-144.44,0.58,-0.1,1.06
8.093,45.23,-1.86,-144.62,0.69,-0.06,0.65
8.1,48.43,-1.59,-144.71,0.53,-0.1,0.48
8.108,51.56,-1.55,-144.82,0.56,-0.15,0.41
8.115,54.62,-1.28,-144.91,0.74,-0.06,0.33
8.122,57.51,-1.42,-145.01,0.78,-0.12,0.25
8.129,60.11,-1.69,-145.17,0.77,-0.12,0.22
8.138,62.57,-2.75,-145.36,0.9,-0.16,0.07
8.145,64.7,-4.1,-145.57,0.91,-0.18,0.05
8.152,66.62,-6.14,-145.83,0.79,-0.16,-0.05
8.16,68.16,-7.55,-146.0,0.71,-0.13,0.04
8.167,69.4,-7.25,-146.14,0.78,0.02,0.43
8.174,70.81,-6.82,-146.23,0.83,0.06,0.57
8.182,72.49,-6.38,-146.26,0.81,0.03,0.45
8.19,74.53,-6.22,-146.21,0.8,-0.06,0.34
8.197,76.9,-6.31,-146.23,0.84,-0.08,0.17
8.204,79.47,-8.64,-146.28,0.85,-0.07,-0.08
8.212,81.99,-11.24,-146.34,0.88,-0.1,-0.22
8.219,84.41,-13.79,-146.48,0.86,-0.09,-0.19
8.228,86.73,-16.58,-146.61,0.83,-0.07,-0.34
8.236,88.78,-19.05,-146.75,0.87,-0.11,-0.28
8.243,90.78,-21.17,-146.94,0.89,-0.14,-0.24
8.251,92.75,-23.81,-147.1,0.92,-0.09,-0.5
8.258,94.4,-26.27,-147.15,0.92,-0.17,-0.46
8.267,95.79,-28.4,-147.24,0.96,-0.15,-0.18
8.275,97.33,-31.32,-147.3,1.0,-0.01,-0.24
8.282,98.87,-27.2,-147.29,0.96,0.05,-0.28
8.29,100.37,-23.2,-147.23,0.9,0.06,-0.31
8.298,101.83,-19.26,-147.17,0.82,0.08,-0.41
8.305,103.01,-15.31,-147.17,0.8,0.04,-0.35
8.314,104.28,-11.26,-147.19,0.82,0.03,-0.38
8.321,105.52,-7.42,-147.19,0.75,0.09,-0.56
8.329,106.51,-3.62,-147.13,0.75,0.06,-0.65
8.336,107.09,-7.07,-147.0,0.82,-0.01,-0.72
8.344,107.3,-10.52,-146.81,0.88,-0.01,-0.66
8.353,107.24,-13.88,-146.61,0.95,-0.04,-0.59
8.361,107.19,-16.86,-146.46,0.99,-0.16,-0.57
8.368,107.4,-19.7,-146.37,1.05,-0.18,-0.53
8.376,107.72,-22.75,-146.26,1.07,-0.11,-0.71
8.384,107.92,-25.81,-146.17,0.99,-0.09,-0.69
8.393,107.88,-28.93,-146.09,0.92,-0.05,-0.63
8.401,107.6,-24.97,-145.94,0.98,0.04,-0.4
8.408,107.27,-28.12,-145.8,0.95,-0.0,-0.27
8.416,106.98,-24.05,-145.68,0.92,0.02,-0.29
8.424,106.71,-27.15,-145.58,0.97,-0.02,-0.32
8.431,106.38,-30.06,-145.45,1.02,-0.06,-0.43
8.44,105.85,-32.78,-145.36,1.04,-0.1,-0.33
8.448,105.35,-34.85,-145.32,1.13,-0.17,-0.17
8.456,105.13,-37.03,-145.37,1.18,-0.13,-0.18
8.464,105.18,-39.36,-145.49,1.08,-0.1,-0.22
8.471,105.27,-35.02,-145.59,1.03,0.02,-0.27
8.48,105.36,-30.72,-145.65,0.96,0.01,-0.3
8.488,105.49,-26.49,-145.69,0.92,0.0,-0.39
8.495,105.55,-29.55,-145.71,0.9,-0.01,-0.5
8.503,105.43,-32.55,-145.69,0.89,-0.03,-0.55
8.511,105.14,-35.56,-145.65,0.88,-0.02,-0.59
8.52,104.58,-38.61,-145.56,0.84,-0.02,-0.67
8.528,103.64,-41.62,-145.43,0.81,-0.03,-0.7
8.535,102.48,-44.46,-145.27,0.87,-0.08,-0.55
8.543,101.23,-47.2,-145.0,0.94,-0.14,-0.55
8.551,99.67,-49.94,-144.78,1.0,-0.14,-0.39
8.559,98.05,-52.62,-144.59,1.03,-0.15,-0.34
8.567,96.36,-55.29,-144.39,1.04,-0.15,-0.28
8.575,94.47,-57.03,-144.22,1.09,-0.15,-0.03
8.583,92.8,-59.69,-144.11,1.06,-0.14,-0.31
8.59,90.95,-62.21,-144.05,0.96,-0.1,-0.22
8.598,88.99,-64.63,-143.98,0.86,-0.05,-0.27
8.606,86.76,-66.99,-143.89,0.76,-0.0,-0.1
8.614,84.17,-64.96,-143.78,0.64,0.05,0.09
8.621,81.06,-63.4,-143.58,0.67,0.22,0.57
8.629,78.4,-61.53,-143.19,0.59,0.16,0.23
8.636,75.55,-60.04,-142.63,0.63,0.11,0.34
8.643,72.68,-58.61,-141.99,0.61,0.06,0.28
8.652,69.72,-57.34,-141.28,0.57,-0.0,0.24
8.659,66.46,-55.9,-140.45,0.65,0.02,0.22
8.666,62.97,-54.97,-139.56,0.61,-0.08,0.18
8.674,66.71,-54.46,-138.62,0.53,-0.19,0.27
8.681,69.98,-53.49,-137.65,0.43,-0.13,0.47
8.689,72.82,-53.16,-136.48,0.42,-0.72,0.91
8.697,68.27,-50.71,-135.19,0.24,0.79,0.46
8.705,71.15,-50.22,-133.84,0.4,-0.63,0.72
8.712,66.57,-49.49,-133.18,0.4,-0.81,1.11
8.72,62.55,-48.53,-132.79,0.51,-0.31,0.98
8.727,58.53,-47.67,-132.42,0.37,-0.31,0.73
8.735,54.54,-46.67,-132.08,0.43,-0.28,0.78
8.743,50.54,-45.67,-131.75,0.41,-0.35,0.92
8.75,46.69,-44.78,-131.5,0.39,-0.37,0.92
8.758,42.85,-43.87,-131.25,0.33,-0.3,0.78
8.765,38.87,-42.95,-130.95,0.22,-0.29,0.9
8.773,35.09,-42.1,-130.63,0.11,-0.29,1.15
8.781,31.73,-41.4,-130.35,0.02,-0.31,1.24
8.789,28.97,-40.81,-130.16,0.05,-0.35,1.37
8.796,26.94,-40.43,-130.09,0.17,-0.39,1.45
8.804,25.36,-40.3,-130.1,0.18,-0.35,1.04
8.811,23.86,-40.25,-130.12,0.13,-0.36,0.92
8.82,22.34,-40.05,-130.16,0.1,-0.27,1.04
8.827,20.85,-39.73,-130.16,0.06,-0.24,1.23
8.835,19.47,-39.27,-130.17,-0.02,-0.23,1.45
8.842,18.29,-38.74,-130.2,-0.11,-0.12,1.45
8.85,17.11,-38.06,-130.17,-0.14,-0.1,1.18
8.858,15.92,-37.23,-130.05,-0.18,-0.07,1.26
8.866,14.86,-36.5,-129.93,-0.22,-0.14,1.29
8.874,13.92,-35.65,-129.75,-0.22,-0.05,1.23
8.881,13.23,-34.88,-129.53,-0.17,-0.16,1.32
8.889,12.71,-34.14,-129.3,-0.19,-0.14,1.11
8.897,12.34,-33.38,-129.0,-0.12,-0.15,1.17
8.905,12.31,-32.81,-128.66,-0.01,-0.25,1.23
8.913,12.66,-32.38,-128.37,0.1,-0.32,1.12
8.92,13.39,-31.97,-128.1,0.17,-0.31,1.24
8.928,14.63,-31.68,-127.84,0.2,-0.32,1.43
8.935,16.44,-31.64,-127.6,0.28,-0.36,1.42
8.943,18.62,-31.71,-127.38,0.33,-0.33,1.22
8.951,20.92,-31.96,-127.2,0.31,-0.37,1.01
8.959,23.03,-32.13,-127.04,0.24,-0.24,0.87
8.966,24.86,-32.36,-126.64,0.2,-0.17,0.8
8.974,26.27,-32.66,-126.0,0.07,-0.05,0.89
8.981,27.36,-32.7,-124.99,0.02,0.09,0.7
8.99,28.26,-32.77,-123.58,0.04,0.21,1.05
8.997,29.05,-33.35,-122.16,-0.02,-0.2,0.84
9.004,29.96,-34.28,-120.91,-0.02,-0.33,0.84
9.012,31.36,-35.09,-119.74,0.17,-0.21,1.1
9.02,33.16,-35.99,-118.47,0.39,-0.27,1.13
9.027,35.21,-36.92,-117.25,0.46,-0.36,1.2
9.035,37.41,-38.1,-116.2,0.52,-0.6,1.13
9.043,39.86,-39.34,-115.26,0.63,-0.63,1.14
9.05,42.45,-40.53,-114.25,0.69,-0.59,1.05
9.058,45.26,-42.15,-113.23,0.76,-0.64,0.78
9.065,47.84,-43.6,-112.15,0.62,-0.63,0.89
9.073,50.42,-45.31,-110.9,0.57,-0.49,0.94
9.081,52.86,-47.63,-109.35,0.49,-0.71,0.91
9.089,55.07,-50.42,-107.91,0.62,-0.72,1.01
9.096,57.17,-53.4,-106.65,0.5,-0.61,0.69
9.104,59.47,-55.94,-106.07,0.57,-0.65,0.66
9.111,61.73,-58.56,-105.56,0.46,-0.64,0.34
9.12,63.51,-60.98,-105.04,0.21,-0.42,0.24
9.127,65.29,-63.63,-104.26,0.14,-0.24,0.08
9.135,65.94,-66.0,-103.41,0.04,-0.21,0.1
9.142,66.76,-67.97,-102.4,0.12,-0.15,0.14
9.15,67.1,-70.02,-101.32,0.1,-0.3,0.19
9.157,67.58,-71.93,-100.17,0.16,-0.42,0.21
9.166,68.7,-74.16,-98.96,0.26,-0.53,0.08
9.173,70.2,-76.12,-98.04,0.34,-0.92,-0.01
9.18,72.0,-77.81,-97.32,0.72,-1.25,-0.09
9.188,74.14,-79.36,-96.83,0.84,-1.42,-0.27
9.195,76.35,-80.81,-96.61,0.92,-1.47,-0.5
9.204,78.33,-82.16,-96.58,1.0,-1.46,-0.63
9.211,79.97,-83.16,-96.73,0.91,-1.4,-0.38
9.219,81.36,-83.95,-97.05,0.76,-1.27,-0.14
9.226,82.64,-84.45,-97.42,0.54,-1.1,0.02
9.233,83.51,-84.49,-97.74,0.35,-0.92,0.19
9.241,85.05,-84.87,-97.87,0.27,-0.72,-0.05
9.249,87.07,-85.72,-97.9,0.25,-0.63,-0.23
9.257,88.53,-86.54,-97.78,0.26,-0.61,-0.17
9.264,90.17,-87.42,-97.57,0.19,-0.55,-0.24
9.272,91.69,-88.94,-97.16,0.15,-0.46,-0.44
9.279,93.17,-89.95,-96.67,0.1,-0.43,-0.31
9.288,94.62,-90.75,-96.05,0.08,-0.42,-0.26
9.295,96.08,-91.32,-95.34,0.05,-0.44,-0.21
9.302,97.25,-91.8,-94.59,0.17,-0.55,-0.34
9.31,98.14,-92.03,-93.93,0.29,-0.77,-0.4
9.317,98.66,-91.97,-93.4,0.51,-1.05,-0.51
9.325,98.88,-91.61,-93.11,0.68,-1.23,-0.63
9.333,98.87,-91.02,-93.05,0.72,-1.21,-0.72
9.341,98.76,-90.28,-93.19,0.55,-1.08,-0.74
9.348,98.68,-89.42,-93.5,0.31,-0.89,-0.61
9.356,98.55,-88.52,-93.98,0.2,-0.72,-0.39
9.363,98.33,-87.48,-94.54,0.17,-0.68,-0.3
9.371,97.38,-86.14,-95.15,0.35,-0.74,-0.2
9.379,95.87,-84.24,-95.93,0.29,-0.76,-0.04
9.387,94.06,-82.4,-96.71,0.4,-0.85,-0.02
9.394,91.76,-80.29,-97.55,0.45,-0.87,0.08
9.401,89.04,-78.02,-98.42,0.43,-0.83,0.18
9.409,86.17,-75.67,-99.31,0.49,-0.86,0.27
9.417,83.1,-73.32,-100.45,0.46,-1.01,0.44
9.424,80.01,-71.01,-101.66,0.43,-0.79,0.56
9.432,77.27,-69.18,-103.07,0.45,-0.95,0.4
9.439,74.71,-67.13,-104.32,0.47,-0.67,0.5
9.447,73.7,-65.13,-105.17,0.12,-0.41,-0.1
9.455,70.98,-62.26,-106.35,0.52,-1.05,0.4
9.463,68.11,-59.34,-107.19,0.52,-0.68,0.42
9.47,65.47,-56.68,-108.07,0.54,-0.79,0.27
9.478,62.7,-53.73,-109.21,0.6,-0.97,0.45
9.485,60.07,-50.6,-110.44,0.58,-0.75,0.44
9.493,57.79,-47.76,-112.01,0.59,-0.89,0.33
9.501,55.38,-44.97,-113.81,0.45,-0.74,0.5
9.509,52.81,-42.24,-115.74,0.28,-0.56,0.62
9.516,51.61,-40.17,-116.86,0.6,-0.44,1.05
9.524,49.16,-37.14,-117.73,0.26,0.35,1.48
9.531,47.27,-34.97,-118.64,-0.05,0.67,1.46
9.539,44.41,-31.64,-120.15,0.11,-0.08,2.6
9.547,42.79,-29.38,-121.52,0.2,-0.18,1.74
9.555,41.54,-26.75,-122.95,0.23,-0.01,0.9
9.562,39.72,-23.96,-124.26,0.1,0.07,0.66
9.569,37.48,-21.33,-125.44,0.04,0.06,0.42
9.577,34.37,-18.49,-126.4,-0.1,0.15,0.36
9.584,31.22,-15.65,-127.03,-0.08,0.3,0.56
9.593,28.03,-13.59,-127.81,-0.21,-0.18,0.78
9.6,25.69,-11.57,-128.63,-0.01,-0.18,1.01
9.608,24.65,-10.78,-128.87,0.28,-0.5,0.56
9.615,23.06,-9.11,-129.04,-0.0,0.02,0.75
9.623,21.47,-7.75,-129.64,-0.08,0.02,0.93
9.631,20.48,-6.73,-130.04,-0.07,0.44,1.41
9.638,19.28,-5.3,-130.7,0.0,0.41,1.44
9.645,18.22,-4.07,-130.96,-0.14,0.41,0.72
9.653,16.79,-2.78,-131.38,-0.18,0.34,1.02
9.66,15.27,-1.55,-131.69,-0.16,0.43,0.94
9.667,13.78,-0.42,-131.85,-0.19,0.48,0.97
9.676,12.43,0.5,-131.88,-0.23,0.48,1.03
9.683,11.35,1.27,-131.66,-0.22,0.61,1.08
9.69,11.2,1.37,-130.95,-0.24,0.68,1.35
9.697,10.52,1.59,-130.65,-0.36,0.5,1.13
9.704,10.32,1.47,-130.27,-0.24,0.51,1.04
9.711,10.24,1.04,-129.74,-0.29,0.5,0.95
9.719,10.28,0.1,-129.13,-0.24,0.4,0.89
9.727,10.59,-1.42,-128.37,-0.2,0.41,0.93
9.734,11.09,-3.17,-127.47,-0.17,0.35,0.91
9.741,11.7,-5.06,-126.67,-0.24,0.24,1.01
9.748,12.85,-7.35,-125.82,-0.08,0.19,1.13
9.757,14.33,-9.73,-124.95,-0.01,0.08,0.92
9.764,16.04,-12.11,-124.04,0.11,-0.06,0.81
9.772,18.1,-14.84,-123.14,0.25,-0.22,0.85
9.779,20.48,-17.98,-122.33,0.4,-0.36,0.72
9.786,22.84,-21.33,-121.55,0.47,-0.42,0.73
9.794,25.24,-25.1,-120.82,0.51,-0.52,0.47
9.802,27.34,-28.58,-120.26,0.79,-0.69,0.62
9.81,29.04,-31.57,-119.84,0.83,-0.67,0.65
9.817,30.19,-34.16,-119.48,0.62,-0.68,0.87
9.825,31.29,-36.39,-119.29,0.54,-0.88,0.67
9.832,32.04,-37.98,-119.21,0.55,-0.48,1.16
9.84,32.69,-39.76,-119.11,0.49,-0.49,1.11
9.848,33.18,-41.58,-119.02,0.32,-0.46,1.06
9.856,33.62,-43.32,-118.9,0.22,-0.4,1.01
9.863,34.12,-44.93,-118.75,0.17,-0.37,0.92
9.871,34.71,-46.51,-118.48,0.17,-0.34,0.85
9.878,35.55,-48.51,-118.4,0.28,-0.6,0.51
9.887,35.93,-49.06,-118.35,0.41,-0.23,0.85
9.894,36.79,-50.59,-118.0,0.51,-0.38,0.89
9.901,37.87,-52.7,-117.55,0.46,-0.58,0.53
9.909,38.96,-55.04,-117.04,0.41,-0.64,0.36
9.916,39.85,-57.23,-116.49,0.38,-0.6,0.28
9.924,40.29,-59.06,-115.86,0.33,-0.6,0.4
9.932,40.4,-60.17,-115.54,0.34,-0.69,0.33
9.94,39.96,-61.35,-115.38,0.22,-0.77,1.02
9.947,40.6,-63.06,-115.13,0.45,-0.91,0.64
9.955,41.09,-64.71,-115.03,0.19,-0.87,0.3
9.962,41.37,-66.19,-115.03,0.22,-0.76,0.29
9.971,42.13,-68.22,-114.7,0.34,-0.68,0.12
9.978,42.99,-70.7,-114.66,0.55,-0.79,-0.03
9.986,44.03,-73.22,-114.74,0.79,-1.0,-0.23
9.994,45.12,-75.11,-115.36,0.6,-0.93,-0.23
10.001,45.9,-76.4,-116.28,0.57,-1.04,-0.04
10.009,46.46,-77.4,-117.34,0.42,-0.93,0.05
10.018,46.69,-78.63,-117.84,0.39,-0.89,0.22
10.025,47.09,-80.13,-118.19,0.38,-0.88,0.12
10.033,47.49,-81.46,-118.05,0.48,-0.97,0.21
10.04,47.74,-82.58,-117.31,0.58,-1.1,0.36
10.048,47.68,-84.06,-116.49,0.28,-1.2,0.39
10.057,48.16,-85.54,-115.62,0.39,-0.98,0.21
10.064,49.12,-87.13,-114.77,0.33,-0.78,0.03
10.072,50.63,-89.28,-113.87,0.48,-0.57,-0.29
10.08,51.47,-90.92,-112.9,0.71,-0.95,-0.12
10.088,52.69,-92.51,-111.81,0.61,-1.29,-0.12
10.095,53.35,-94.18,-110.7,0.52,-1.19,-0.06
10.104,54.14,-95.73,-109.93,0.17,-1.1,-0.02
10.112,55.11,-97.29,-109.29,0.45,-1.13,0.05
10.12,56.93,-98.88,-108.54,0.21,-1.15,-0.18
10.127,58.94,-100.7,-108.14,0.15,-0.84,-0.13
10.135,60.42,-102.73,-107.62,0.52,-0.93,-0.21
10.144,62.19,-104.06,-107.23,0.66,-1.18,-0.49
10.152,63.54,-104.15,-106.96,0.73,-1.06,-0.14
10.16,64.79,-103.83,-106.74,0.15,-1.3,-0.06
10.168,66.17,-102.95,-106.73,0.1,-1.24,-0.18
10.176,65.19,-101.6,-107.07,0.13,-1.07,0.1
10.185,59.52,-99.76,-108.37,-0.29,-1.1,-0.1
10.193,57.89,-99.04,-109.93,0.15,-0.79,0.27
10.201,58.58,-99.93,-110.69,0.51,-0.86,-0.05
10.209,60.05,-101.09,-111.02,0.19,-0.54,-0.4
10.216,54.87,-102.35,-110.66,-0.01,-0.26,-0.34
10.225,55.35,-102.86,-109.8,0.59,-0.92,-0.04
10.234,56.4,-104.44,-108.96,1.07,-1.25,-0.44
10.242,57.99,-105.9,-108.56,0.27,-1.63,-0.4
10.25,53.75,-105.89,-108.67,-0.14,-0.9,-0.15
10.258,49.83,-105.93,-109.13,-0.06,-1.19,-0.03
10.266,48.3,-104.04,-108.84,-0.05,-0.11,0.22
10.275,47.72,-103.51,-107.18,0.04,-0.19,0.21
10.283,44.41,-100.11,-105.32,-0.64,1.18,-0.3
10.291,41.28,-97.06,-102.77,-0.79,1.3,-0.42
10.298,37.44,-92.9,-100.16,-0.65,1.08,-0.69
10.306,39.23,-89.88,-104.16,2.48,-4.0,-4.0
10.315,35.6,-85.14,-105.1,-1.05,-1.36,1.31
10.323,31.2,-85.2,-105.87,-0.57,-0.16,-1.03
10.331,30.53,-84.59,-106.76,0.88,-0.58,0.51
10.338,26.48,-87.14,-105.68,-0.01,-0.15,-0.33
10.346,22.06,-90.4,-104.03,-0.28,-1.27,-0.62
10.355,18.43,-91.97,-103.98,-0.28,-1.78,-0.45
10.363,14.46,-92.43,-104.11,-0.13,-0.83,-0.59
10.371,16.84,-93.42,-103.72,0.13,-0.71,-0.68
10.379,12.54,-94.67,-103.24,-0.36,-1.16,-0.62
10.387,8.11,-94.37,-103.47,-0.03,-1.06,-0.34
10.395,3.85,-97.98,-102.85,-0.23,-0.09,-0.55
10.404,6.41,-98.71,-102.09,0.11,-1.25,-0.65
10.411,8.24,-101.57,-101.34,0.13,-0.47,-0.43
10.419,9.68,-102.83,-101.01,0.27,-0.59,-0.37
10.427,12.15,-104.53,-100.92,0.21,-1.06,-0.65
10.435,13.06,-100.14,-99.97,0.44,0.07,-0.66
10.443,8.3,-100.62,-99.08,-0.16,-0.86,-0.34
10.451,3.55,-101.89,-98.37,-0.2,-0.83,-0.39
10.459,4.72,-102.99,-97.59,0.2,-0.57,-0.31
10.467,6.53,-104.34,-96.99,0.09,-1.27,-0.25
10.474,1.33,-105.16,-96.63,-0.02,-2.27,-0.67
10.483,-2.62,-106.65,-95.9,-0.4,-1.1,-0.32
10.491,-2.03,-104.26,-95.36,0.04,0.05,0.01
10.499,0.63,-106.17,-94.57,0.04,-0.69,-0.33
10.506,2.77,-108.37,-93.79,0.31,-1.94,-0.88
10.514,4.68,-109.54,-92.96,0.61,-3.29,-1.4
10.521,5.39,-107.06,-92.0,0.16,0.2,-0.03
10.53,7.59,-108.24,-91.4,0.2,-2.39,-1.07
10.538,5.79,-106.45,-90.65,-0.12,0.27,0.11
10.545,7.93,-108.72,-89.54,0.31,-0.26,-0.35
10.553,10.56,-110.93,-88.61,0.03,-0.3,-0.28
10.56,10.83,-108.9,-87.64,0.21,0.5,0.12
10.569,6.17,-110.81,-87.12,-0.1,-4.0,-2.14
10.577,8.8,-112.98,-86.13,0.05,-3.73,-2.2
10.584,8.21,-111.5,-85.57,-0.01,0.53,0.41
10.592,11.14,-113.56,-85.02,0.31,-2.12,-1.32
10.6,14.1,-115.62,-84.55,0.12,-1.83,-1.28
10.607,16.98,-117.17,-84.38,0.17,-1.02,-0.77
10.616,19.9,-118.81,-84.14,0.3,-2.03,-1.87
10.624,22.75,-120.2,-84.04,0.1,-0.2,-0.35
10.632,25.67,-121.55,-83.96,0.17,-0.82,-0.94
10.64,27.87,-121.87,-83.92,0.31,-0.71,-0.75
10.647,23.94,-122.69,-83.84,-0.06,-0.38,-0.45
10.656,26.54,-124.0,-83.64,0.25,-0.69,-0.95
10.664,29.31,-124.68,-83.58,0.23,-0.61,-0.86
10.672,32.19,-125.63,-83.5,0.16,-0.54,-0.88
10.68,27.98,-126.63,-83.32,-0.02,-0.46,-0.99
10.688,23.82,-127.29,-83.3,-0.02,-0.51,-0.95
10.697,26.74,-127.9,-83.29,0.04,-0.47,-0.93
10.705,22.51,-128.5,-83.21,-0.04,-0.54,-0.88
10.713,18.48,-129.11,-83.22,-0.1,-0.49,-0.85
10.721,14.54,-129.98,-83.08,-0.14,-0.47,-0.78
10.729,11.17,-130.87,-82.89,-0.37,-0.34,-0.59
10.736,7.08,-131.77,-82.83,-0.06,-0.86,-1.3
10.745,3.62,-132.4,-82.81,-0.29,-0.56,-0.97
10.753,0.07,-133.36,-82.85,-0.08,-0.38,-0.8
10.761,3.56,-134.46,-82.98,0.22,-1.04,-1.57
10.769,6.53,-135.07,-83.32,0.64,-0.13,-0.56
10.776,10.7,-135.84,-84.26,0.26,-0.53,-0.83
10.785,14.07,-130.41,-85.24,0.54,0.03,-0.98
10.793,17.25,-131.58,-85.44,0.42,-0.25,-1.36
10.8,19.84,-132.26,-85.14,0.13,-0.85,-1.77
10.808,22.41,-132.78,-84.62,0.07,-0.5,-1.31
10.816,24.8,-132.83,-84.16,0.12,-0.35,-0.93
10.825,20.41,-132.26,-83.61,-0.01,-1.76,-1.12
10.833,23.58,-132.63,-83.54,0.02,-0.33,-0.49
10.841,26.72,-134.04,-83.52,0.06,-0.33,-0.78
10.848,22.77,-135.08,-83.64,-0.08,-0.26,-1.03
10.856,26.05,-135.65,-83.5,0.05,-0.47,-1.04
10.864,22.05,-135.83,-83.34,-0.05,-0.54,-1.02
10.873,17.92,-136.31,-83.27,-0.04,-0.49,-0.93
10.881,13.87,-136.76,-83.31,-0.02,-0.55,-0.92
10.889,17.05,-137.41,-83.45,0.06,-0.48,-0.89
10.897,20.28,-138.2,-83.47,0.08,-0.35,-0.96
10.905,23.44,-138.73,-83.45,0.05,-0.39,-1.09
10.913,26.55,-139.0,-83.45,0.0,-0.47,-0.99
10.921,29.52,-139.31,-83.45,0.1,-0.42,-0.89
10.929,32.5,-139.73,-83.48,0.05,-0.44,-0.97
10.937,35.38,-140.19,-83.47,0.03,-0.44,-0.99
10.945,38.23,-140.65,-83.48,0.05,-0.42,-0.99
10.953,41.02,-141.05,-83.47,0.05,-0.43,-0.99
10.961,43.74,-141.42,-83.47,0.05,-0.42,-0.97
10.969,46.41,-141.79,-83.47,0.05,-0.43,-0.98
10.977,49.02,-142.15,-83.47,0.05,-0.43,-0.98
10.985,51.59,-142.5,-83.47,0.05,-0.43,-0.97
10.993,54.1,-142.85,-83.47,0.05,-0.42,-0.97
11.001,56.57,-143.19,-83.46,0.04,-0.43,-0.98
11.009,58.99,-143.55,-83.46,0.05,-0.42,-0.99
11.017,61.37,-143.9,-83.46,0.05,-0.42,-0.98
11.025,63.71,-144.25,-83.46,0.04,-0.41,-0.98
11.033,65.99,-144.58,-83.46,0.04,-0.41,-0.99
11.041,68.22,-144.9,-83.46,0.04,-0.41,-0.99
11.049,70.4,-145.19,-83.46,0.05,-0.42,-0.98
11.057,72.54,-145.48,-83.46,0.05,-0.42,-0.98
11.065,74.63,-145.77,-83.45,0.05,-0.42,-0.98
11.073,76.69,-146.06,-83.45,0.05,-0.41,-0.98
11.081,78.7,-146.34,-83.45,0.05,-0.41,-0.98
11.089,80.67,-146.62,-83.45,0.05,-0.41,-0.98
11.097,82.6,-146.89,-83.45,0.05,-0.41,-0.97
11.105,84.5,-147.16,-83.45,0.05,-0.41,-0.98
11.113,86.36,-147.44,-83.45,0.04,-0.4,-0.98
11.12,88.18,-147.71,-83.45,0.05,-0.4,-0.98
11.129,89.97,-147.97,-83.45,0.04,-0.41,-0.99
11.137,91.72,-148.22,-83.45,0.05,-0.4,-0.99
11.145,93.43,-148.47,-83.45,0.04,-0.4,-0.99
11.153,95.11,-148.7,-83.45,0.05,-0.4,-0.98
11.16,96.75,-148.92,-83.45,0.05,-0.41,-0.99
11.169,98.36,-149.15,-83.45,0.04,-0.4,-0.99
11.177,99.94,-149.37,-83.45,0.05,-0.4,-0.98
11.185,101.48,-149.6,-83.45,0.05,-0.4,-0.98
11.193,103.0,-149.82,-83.45,0.05,-0.4,-0.99
11.201,104.5,-150.04,-83.44,0.04,-0.4,-0.99
11.21,105.96,-150.26,-83.44,0.04,-0.4,-0.99
11.218,107.39,-150.47,-83.44,0.05,-0.39,-0.99
11.226,108.8,-150.68,-83.44,0.04,-0.39,-1.0
11.234,110.18,-150.9,-83.44,0.04,-0.38,-1.0
11.242,111.52,-151.09,-83.44,0.05,-0.39,-0.99
11.251,112.84,-151.28,-83.44,0.04,-0.39,-0.99
11.258,114.14,-151.47,-83.45,0.04,-0.39,-0.99
11.266,115.41,-151.64,-83.45,0.05,-0.39,-0.99
11.274,116.65,-151.83,-83.47,0.04,-0.39,-0.99
11.282,117.84,-152.0,-83.47,0.05,-0.38,-1.0
11.29,119.05,-152.15,-83.46,0.04,-0.39,-0.99
11.299,120.22,-152.31,-83.46,0.04,-0.39,-0.98
11.307,121.36,-152.49,-83.46,0.05,-0.38,-0.98
11.315,122.49,-152.68,-83.46,0.04,-0.39,-0.99
11.323,123.6,-152.86,-83.46,0.04,-0.38,-0.99
11.331,124.68,-153.03,-83.46,0.04,-0.38,-1.0
11.34,125.74,-153.19,-83.46,0.04,-0.38,-1.0
11.348,126.78,-153.34,-83.46,0.04,-0.38,-0.99
11.356,127.79,-153.47,-83.46,0.04,-0.39,-0.99
11.364,128.78,-153.61,-83.46,0.04,-0.38,-0.99
11.372,129.75,-153.76,-83.45,0.05,-0.39,-1.0
11.381,130.7,-153.9,-83.45,0.05,-0.39,-1.0
11.389,131.63,-154.04,-83.45,0.05,-0.38,-0.99
11.397,132.55,-154.19,-83.45,0.04,-0.38,-1.01
11.405,133.45,-154.32,-83.45,0.04,-0.38,-0.99
11.413,134.34,-154.46,-83.45,0.04,-0.38,-1.0
11.422,135.21,-154.6,-83.45,0.04,-0.38,-1.0
11.43,136.06,-154.72,-83.45,0.04,-0.38,-0.98
11.438,136.87,-154.86,-83.45,0.05,-0.37,-1.0
11.446,137.68,-154.98,-83.45,0.04,-0.37,-1.0
11.454,138.48,-155.1,-83.45,0.04,-0.39,-1.0
11.462,139.26,-155.23,-83.45,0.05,-0.37,-1.0
11.471,140.03,-155.33,-83.45,0.04,-0.38,-1.01
11.479,140.78,-155.44,-83.45,0.04,-0.38,-1.0
11.487,141.51,-155.55,-83.45,0.05,-0.37,-0.99
11.495,142.23,-155.67,-83.45,0.04,-0.37,-1.01
11.503,142.95,-155.79,-83.45,0.04,-0.37,-1.0
11.512,143.63,-155.9,-83.45,0.05,-0.37,-1.0
11.519,144.31,-156.02,-83.45,0.04,-0.37,-1.01
11.527,144.98,-156.13,-83.45,0.04,-0.37,-1.0
11.535,145.63,-156.23,-83.45,0.04,-0.37,-1.0
11.543,146.28,-156.33,-83.45,0.04,-0.37,-0.99
11.552,146.91,-156.44,-83.45,0.04,-0.36,-1.0
11.56,147.53,-156.53,-83.45,0.04,-0.37,-1.0
11.568,148.12,-156.64,-83.45,0.04,-0.37,-1.01
11.576,148.72,-156.74,-83.45,0.04,-0.36,-0.99
11.584,149.29,-156.83,-83.45,0.04,-0.37,-1.0
11.593,149.85,-156.92,-83.45,0.04,-0.36,-1.0
11.601,150.4,-157.01,-83.45,0.05,-0.37,-1.0
11.609,150.94,-157.1,-83.45,0.05,-0.37,-0.99
11.617,151.47,-157.19,-83.44,0.04,-0.36,-1.0
11.625,152.0,-157.28,-83.44,0.04,-0.36,-1.01
11.633,152.51,-157.37,-83.44,0.04,-0.36,-1.0
11.642,153.02,-157.46,-83.44,0.04,-0.36,-1.0
11.65,153.51,-157.56,-83.44,0.04,-0.35,-1.01
11.658,153.99,-157.66,-83.44,0.04,-0.35,-1.01
11.666,154.46,-157.74,-83.44,0.04,-0.35,-1.02
11.674,154.92,-157.82,-83.44,0.04,-0.36,-1.0
11.683,155.37,-157.89,-83.45,0.04,-0.35,-1.0
11.691,155.82,-157.96,-83.45,0.04,-0.36,-1.0
11.699,156.25,-158.03,-83.45,0.04,-0.36,-1.0
11.707,156.68,-158.1,-83.45,0.04,-0.36,-1.0
11.715,157.1,-158.18,-83.45,0.04,-0.36,-1.0
11.724,157.51,-158.25,-83.44,0.04,-0.36,-1.01
11.732,157.91,-158.34,-83.44,0.04,-0.35,-1.01
11.74,158.31,-158.42,-83.44,0.04,-0.35,-1.01
11.748,158.7,-158.51,-83.44,0.04,-0.35,-1.01
11.756,159.08,-158.58,-83.44,0.04,-0.35,-1.01
11.765,159.46,-158.65,-83.44,0.04,-0.35,-1.01
11.773,159.82,-158.71,-83.44,0.04,-0.35,-1.0
11.78,160.18,-158.77,-83.43,0.04,-0.35,-1.01
11.788,160.53,-158.83,-83.43,0.04,-0.36,-1.0
11.796,160.87,-158.88,-83.43,0.04,-0.36,-1.01
11.805,161.21,-158.94,-83.43,0.04,-0.36,-1.01
11.813,161.53,-159.0,-83.43,0.04,-0.35,-1.01
11.821,161.86,-159.05,-83.43,0.04,-0.35,-1.0
11.829,162.17,-159.12,-83.44,0.03,-0.35,-1.01
11.837,162.49,-159.17,-83.44,0.03,-0.35,-1.0
11.845,162.79,-159.23,-83.43,0.04,-0.35,-1.01
11.854,163.09,-159.3,-83.43,0.04,-0.34,-1.02
11.862,163.38,-159.36,-83.43,0.04,-0.35,-1.0
11.87,163.67,-159.42,-83.43,0.04,-0.35,-1.01
11.878,163.95,-159.47,-83.43,0.04,-0.35,-1.0
11.886,164.22,-159.52,-83.43,0.04,-0.35,-1.01
11.895,164.49,-159.57,-83.43,0.04,-0.35,-1.01
11.903,164.76,-159.62,-83.43,0.04,-0.35,-1.01
11.911,165.01,-159.68,-83.43,0.04,-0.34,-1.02
11.919,165.28,-159.74,-83.43,0.03,-0.34,-1.01
11.927,165.52,-159.8,-83.43,0.04,-0.34,-1.01
11.936,165.77,-159.85,-83.43,0.03,-0.34,-1.01
11.944,166.01,-159.9,-83.43,0.03,-0.34,-1.01
11.952,166.24,-159.93,-83.43,0.03,-0.34,-1.0
11.96,166.47,-159.96,-83.43,0.03,-0.34,-1.0
11.968,166.7,-159.99,-83.43,0.04,-0.34,-1.0
11.977,166.91,-160.03,-83.43,0.04,-0.35,-1.01
11.985,167.13,-160.08,-83.43,0.04,-0.35,-1.01
11.993,167.34,-160.13,-83.43,0.04,-0.34,-1.0
12.001,167.56,-160.19,-83.42,0.04,-0.34,-1.01
12.009,167.76,-160.23,-83.43,0.03,-0.34,-1.0
12.017,167.95,-160.28,-83.42,0.04,-0.34,-1.02
12.026,168.15,-160.32,-83.42,0.04,-0.34,-1.01
12.034,168.35,-160.37,-83.42,0.03,-0.34,-1.01
12.041,168.54,-160.42,-83.42,0.03,-0.34,-1.01
12.049,168.73,-160.47,-83.42,0.04,-0.33,-1.01
12.057,168.91,-160.51,-83.42,0.03,-0.34,-1.02
12.066,169.09,-160.54,-83.42,0.03,-0.34,-1.01
12.074,169.26,-160.56,-83.42,0.04,-0.34,-1.0
12.082,169.42,-160.6,-83.42,0.04,-0.34,-1.02
12.09,169.59,-160.62,-83.42,0.03,-0.35,-1.0
12.098,169.76,-160.66,-83.42,0.03,-0.34,-1.01
12.107,169.92,-160.7,-83.42,0.04,-0.34,-1.01
12.115,170.08,-160.76,-83.42,0.04,-0.33,-1.02
12.123,170.24,-160.8,-83.42,0.03,-0.33,-1.01
12.131,170.39,-160.85,-83.42,0.04,-0.32,-1.01
12.139,170.53,-160.89,-83.42,0.04,-0.33,-1.02
12.148,170.68,-160.92,-83.42,0.04,-0.33,-1.02
12.156,170.82,-160.95,-83.42,0.03,-0.33,-1.01
12.164,170.96,-160.98,-83.42,0.04,-0.34,-1.01
12.172,171.09,-161.01,-83.42,0.04,-0.34,-1.02
12.18,171.23,-161.04,-83.42,0.03,-0.33,-1.02
12.189,171.37,-161.07,-83.42,0.03,-0.34,-1.01
12.197,171.5,-161.1,-83.42,0.03,-0.33,-1.01
12.205,171.63,-161.14,-83.41,0.03,-0.33,-1.01
12.213,171.76,-161.18,-83.41,0.03,-0.33,-1.01
12.221,171.88,-161.22,-83.41,0.04,-0.33,-1.01
12.229,172.01,-161.26,-83.41,0.03,-0.33,-1.01
12.238,172.12,-161.29,-83.41,0.04,-0.33,-1.02
12.246,172.25,-161.33,-83.41,0.03,-0.33,-1.01
12.254,172.36,-161.35,-83.41,0.03,-0.33,-1.01
12.262,172.47,-161.38,-83.41,0.03,-0.33,-1.01
12.27,172.57,-161.41,-83.41,0.04,-0.33,-1.02
12.279,172.68,-161.43,-83.41,0.03,-0.33,-1.01
12.287,172.78,-161.45,-83.41,0.04,-0.33,-1.02
12.295,172.89,-161.48,-83.41,0.03,-0.33,-1.02
12.303,172.99,-161.52,-83.41,0.03,-0.33,-1.02
12.31,173.09,-161.55,-83.41,0.03,-0.32,-1.02
12.319,173.19,-161.58,-83.41,0.03,-0.33,-1.01
12.327,173.29,-161.6,-83.41,0.03,-0.33,-1.02
12.335,173.39,-161.63,-83.41,0.03,-0.32,-1.02
12.343,173.48,-161.66,-83.4,0.03,-0.32,-1.01
12.351,173.57,-161.7,-83.4,0.03,-0.32,-1.02
12.36,173.65,-161.73,-83.4,0.03,-0.32,-1.01
12.368,173.73,-161.76,-83.4,0.04,-0.32,-1.02
12.376,173.82,-161.8,-83.4,0.03,-0.32,-1.02
12.384,173.9,-161.82,-83.4,0.03,-0.33,-1.02
12.392,173.98,-161.84,-83.4,0.03,-0.32,-1.01
12.4,174.06,-161.86,-83.4,0.03,-0.32,-1.02
12.409,174.14,-161.88,-83.4,0.03,-0.33,-1.01
12.417,174.21,-161.91,-83.4,0.04,-0.32,-1.02
12.425,174.29,-161.94,-83.4,0.03,-0.32,-1.01
12.433,174.35,-161.96,-83.4,0.04,-0.32,-1.03
12.441,174.42,-161.99,-83.4,0.03,-0.32,-1.02
12.45,174.5,-162.01,-83.4,0.03,-0.32,-1.02
12.458,174.57,-162.03,-83.4,0.03,-0.32,-1.02
12.466,174.64,-162.05,-83.4,0.03,-0.33,-1.02
12.474,174.7,-162.08,-83.4,0.03,-0.32,-1.01
12.482,174.76,-162.1,-83.4,0.04,-0.33,-1.02
12.491,174.83,-162.12,-83.4,0.03,-0.32,-1.01
12.499,174.89,-162.16,-83.4,0.03,-0.31,-1.03
12.507,174.95,-162.19,-83.4,0.04,-0.31,-1.02
12.515,175.01,-162.21,-83.4,0.03,-0.31,-1.01
12.523,175.07,-162.23,-83.4,0.03,-0.32,-1.02
12.532,175.13,-162.27,-83.4,0.03,-0.31,-1.03
12.54,175.18,-162.29,-83.4,0.04,-0.32,-1.02
12.548,175.24,-162.3,-83.4,0.03,-0.32,-1.01
12.556,175.29,-162.33,-83.4,0.04,-0.31,-1.02
12.564,175.34,-162.36,-83.4,0.04,-0.31,-1.02
12.571,175.39,-162.38,-83.4,0.04,-0.32,-1.03
12.58,175.44,-162.4,-83.4,0.03,-0.32,-1.02
12.588,175.49,-162.42,-83.4,0.04,-0.32,-1.02
12.596,175.55,-162.45,-83.4,0.02,-0.31,-1.02
12.604,175.59,-162.47,-83.4,0.03,-0.31,-1.01
12.612,175.64,-162.49,-83.4,0.04,-0.31,-1.02
12.621,175.68,-162.51,-83.4,0.03,-0.31,-1.02
12.629,175.73,-162.53,-83.4,0.03,-0.32,-1.02
12.637,175.77,-162.55,-83.4,0.03,-0.32,-1.01
12.645,175.81,-162.57,-83.4,0.04,-0.31,-1.02
12.653,175.85,-162.59,-83.4,0.03,-0.31,-1.02
12.662,175.89,-162.6,-83.4,0.03,-0.32,-1.02
12.67,175.93,-162.63,-83.4,0.04,-0.31,-1.02
12.678,175.96,-162.64,-83.4,0.04,-0.32,-1.02
12.686,176.01,-162.66,-83.4,0.03,-0.32,-1.02
12.694,176.05,-162.68,-83.4,0.03,-0.31,-1.03
12.703,176.08,-162.69,-83.4,0.04,-0.31,-1.01
12.711,176.12,-162.71,-83.4,0.03,-0.31,-1.02
12.719,176.16,-162.74,-83.4,0.03,-0.31,-1.02
12.727,176.19,-162.75,-83.4,0.04,-0.31,-1.01
12.735,176.23,-162.76,-83.4,0.03,-0.31,-1.02
